code_stn,lat,lon,alt
AK15,70.3500,-150.9500,
BGAA,68.7200,-52.8000,27
BGBW,61.1700,-45.4200,34
BGGH,64.1700,-51.7500,84
BGJN,69.2300,-51.0700,31
BGMQ,65.4200,-52.9300,32
BGPT,62.0200,-49.6700,1
BGQQ,77.4700,-69.2200,19
BGSF,67.0200,-50.7000,53
BGSS,66.9500,-53.7200,10
BGTL,76.5300,-68.7500,59
BGUK,72.7800,-53.4300,127
BGUQ,70.7300,-52.7000,89
CBBC,52.1800,-128.1500,43
CWAE,50.1300,-122.9500,658
CWCA,53.7000,-57.0300,15
CWCL,51.1300,-121.5000,1057
CWEU,79.9800,-85.9300,13
CWFD,66.6500,-61.3800,725
CWGZ,76.4200,-82.9000,41
CWHN,54.9000,-109.9700,637
CWIL,68.3200,-100.0800,36
CWKM,69.6000,-140.1800,13
CWKP,69.6700,-121.6700,329
CWKW,59.9800,-64.1500,551
CWLI,69.6000,-130.9000,102
CWLX,68.8800,-75.1300,162
CWLY,50.2200,-121.5800,225
CWOB,63.3300,-64.1300,376
CWPX,69.0300,-107.8200,165
CWRF,68.4300,-89.7200,325
CWRH,61.6000,-64.6300,369
CWRX,69.0800,-79.0300,41
CWSA,43.9300,-60.0200,4
CWSA,43.9500,-59.9700,1
CWSE,53.5500,-114.1000,766
CWSW,49.7500,-114.8800,1138
CWSW,49.8300,-114.8800,1158
CWTU,54.7000,-58.3500,683
CWUP,68.4700,-66.8000,393
CWUW,68.6500,-71.1700,527
CWVD,67.5300,-63.7800,581
CWVH,68.9000,-133.9300,261
CWWU,47.5200,-52.9800,13
CWXR,69.2700,-119.2200,69
CWYK,57.1300,-61.4700,834
CWYM,64.9500,-63.5800,583
CWZZ,58.3300,-62.5800,516
CYAB,73.0000,-85.0300,22
CYAD,53.5700,-76.2000,236
CYAH,53.7500,-73.6800,306
CYAM,46.4800,-84.5000,192
CYAS,60.0200,-70.0000,117
CYAT,52.9300,-82.4300,9
CYAW,44.6300,-63.5000,44
CYAY,51.4000,-56.0700,33
CYAZ,49.0800,-125.7700,24
CYBB,68.5300,-89.8200,17
CYBB,68.5300,-89.8000,15
CYBC,49.1200,-68.2000,21
CYBD,52.3800,-126.6000,36
CYBG,48.3300,-71.0000,159
CYBK,64.3000,-96.0800,19
CYBL,49.9500,-125.2700,108
CYBN,44.2700,-79.9000,222
CYBQ,58.7000,-98.5200,281
CYBR,49.9200,-99.9500,409
CYBU,53.3300,-104.0000,373
CYBV,52.3700,-97.0200,222
CYBV,52.3700,-97.0200,224
CYBW,51.1000,-114.3700,1200
CYBX,51.4500,-57.1800,37
CYCB,69.1000,-105.1300,31
CYCD,49.0500,-123.8700,28
CYCD,49.0500,-123.8700,34
CYCG,49.3000,-117.6300,495
CYCO,67.8200,-115.1500,23
CYCO,67.8200,-115.1300,23
CYCP,52.1200,-119.3000,690
CYCP,52.1200,-119.2800,681
CYCP,52.1300,-119.2800,690
CYCQ,55.6800,-121.6300,609
CYCQ,55.7000,-121.6300,610
CYCS,63.3300,-90.7200,10
CYCS,63.3500,-90.7300,10
CYCX,45.8300,-66.4300,51
CYCY,70.4800,-68.5200,26
CYDA,64.0500,-139.1300,370
CYDB,61.3700,-139.0500,806
CYDC,49.4700,-120.5200,702
CYDF,49.2200,-57.4000,22
CYDL,58.4200,-130.0200,802
CYDN,51.1000,-100.0500,304
CYDP,56.5500,-61.6800,7
CYDQ,55.7300,-120.1700,655
CYED,53.6700,-113.4800,688
CYED,53.6700,-113.4700,688
CYEG,53.3200,-113.5800,723
CYEK,61.1000,-94.0700,10
CYEN,49.2200,-102.9700,580
CYEN,49.2200,-102.9700,581
CYER,56.0200,-87.6800,16
CYET,53.5700,-116.4500,926
CYEV,68.3000,-133.4800,68
CYFB,63.7500,-68.5500,34
CYFC,45.8700,-66.5300,21
CYFO,54.6800,-101.6800,304
CYFR,61.1800,-113.6800,160
CYFR,61.1800,-113.6800,161
CYFS,61.7500,-121.2300,170
CYFS,61.7700,-121.2300,170
CYFT,55.0800,-59.1800,70
CYGE,51.3000,-116.9800,785
CYGE,51.3000,-116.9800,787
CYGH,66.2300,-128.6500,81
CYGH,66.2300,-128.6500,82
CYGK,44.2300,-76.6000,92
CYGL,53.6300,-77.7000,195
CYGP,48.7800,-64.4800,34
CYGQ,49.7700,-86.9200,348
CYGQ,49.7700,-86.9200,349
CYGR,47.4200,-61.7800,11
CYGT,69.3700,-81.8200,53
CYGV,50.2700,-63.6000,37
CYGW,55.2800,-77.7700,12
CYGW,55.2800,-77.7500,10
CYGX,56.3500,-94.7000,145
CYGX,56.3500,-94.4200,145
CYHA,61.0500,-69.6200,32
CYHD,49.8200,-92.7300,412
CYHE,49.3700,-121.5000,39
CYHH,51.7000,-76.1200,245
CYHI,70.7700,-117.8000,36
CYHK,68.6300,-95.8500,47
CYHM,43.1700,-79.9300,238
CYHU,45.5200,-73.4200,27
CYHY,60.8300,-115.7800,165
CYHY,60.8300,-115.7700,166
CYHZ,44.8800,-63.5200,145
CYHZ,44.8800,-63.5000,145
CYIK,62.4200,-77.9500,42
CYIN,51.2700,-121.6800,1126
CYIO,72.6800,-77.9700,62
CYIV,53.8500,-94.6500,235
CYIV,53.8500,-94.6500,236
CYJF,60.2300,-123.4700,215
CYJF,60.2300,-123.4700,216
CYJT,48.5300,-58.5500,25
CYJT,48.5300,-58.5500,26
CYKA,50.7000,-120.4300,345
CYKD,68.2200,-135.0000,6
CYKF,43.4500,-80.3800,321
CYKG,61.5800,-71.9300,156
CYKJ,57.2500,-105.6200,513
CYKL,54.8000,-66.8000,521
CYKO,60.8200,-78.1500,23
CYKP,51.6700,-85.9000,179
CYKQ,51.4700,-78.7700,26
CYKQ,51.4800,-78.7500,26
CYKY,51.5200,-109.1800,694
CYKZ,43.8500,-79.3700,204
CYLA,59.3000,-69.6000,34
CYLC,62.8500,-69.8800,51
CYLC,62.8500,-69.8800,52
CYLD,47.8200,-83.3300,447
CYLH,52.2000,-87.9300,254
CYLJ,54.1300,-108.5200,481
CYLK,62.4200,-110.6800,179
CYLL,53.3200,-110.0700,669
CYLT,82.5200,-62.2800,31
CYLU,58.7200,-65.9800,60
CYLW,49.9500,-119.3700,433
CYMA,63.6200,-135.8700,504
CYMH,52.3000,-55.8500,11
CYMH,52.3000,-55.8300,12
CYMJ,50.3300,-105.5500,577
CYMM,56.6500,-111.2200,369
CYMO,51.2800,-80.6000,9
CYMT,49.7700,-74.5300,387
CYMU,56.5300,-76.5200,76
CYMX,45.6800,-74.0300,82
CYNA,50.1800,-61.7800,11
CYNC,53.0200,-78.8300,20
CYND,45.5200,-75.5700,64
CYNE,53.9500,-97.8300,223
CYNM,49.7700,-77.8000,280
CYOA,64.7000,-110.6200,468
CYOA,64.7000,-110.6200,469
CYOC,67.5700,-139.8300,250
CYOD,54.4000,-110.2700,541
CYOJ,58.6200,-117.1700,338
CYOO,43.9200,-78.8800,140
CYOW,45.3200,-75.6700,114
CYOY,46.9000,-71.5000,168
CYPA,53.2200,-105.6700,428
CYPC,69.3500,-124.0700,7
CYPC,69.3700,-124.0800,5
CYPD,45.6500,-61.3700,115
CYPE,56.2200,-117.4300,571
CYPE,56.2300,-116.5500,571
CYPG,49.9000,-98.2800,273
CYPH,58.4700,-78.0800,25
CYPL,51.4500,-90.2200,386
CYPO,54.9800,-85.4500,53
CYPQ,44.2200,-78.3500,191
CYPR,54.2800,-130.4500,35
CYPW,49.8300,-124.5000,129
CYPX,60.0500,-77.2800,25
CYPY,58.7700,-111.1200,238
CYQA,44.9700,-79.3000,282
CYQB,46.7800,-71.4000,74
CYQD,53.9700,-101.1000,275
CYQD,53.9700,-101.0800,275
CYQF,52.1700,-113.9000,905
CYQF,52.1700,-113.8800,905
CYQG,42.2700,-82.9500,195
CYQG,42.2800,-82.9500,195
CYQH,60.1200,-128.8200,687
CYQI,43.8300,-66.0800,43
CYQK,49.7800,-94.3700,410
CYQL,49.6300,-112.8000,929
CYQM,46.1000,-64.6800,71
CYQQ,49.7200,-124.9000,26
CYQR,50.4300,-104.6700,578
CYQT,48.3700,-89.3200,199
CYQU,55.1800,-118.8800,672
CYQV,51.2700,-102.4700,497
CYQW,52.7700,-108.2500,544
CYQX,48.9300,-54.5700,151
CYQY,46.1700,-60.0500,72
CYQY,46.1700,-60.0300,72
CYQZ,53.0200,-122.5000,543
CYRA,64.1200,-117.3200,221
CYRB,74.7200,-94.9800,68
CYRB,74.7200,-94.9700,68
CYRJ,48.5200,-72.2700,179
CYRL,51.0700,-93.8000,386
CYRQ,46.3500,-72.6800,61
CYRT,62.8000,-92.1200,32
CYRV,50.9700,-118.1800,445
CYSB,46.6300,-80.8000,348
CYSC,45.4300,-71.6800,241
CYSD,50.2700,-111.1800,770
CYSF,59.2500,-105.8300,245
CYSJ,45.3200,-65.8800,109
CYSK,56.5300,-79.2500,34
CYSL,47.1500,-67.8200,242
CYSM,60.0200,-111.9700,205
CYSM,60.0200,-111.9500,205
CYSN,43.2000,-79.1700,98
CYSP,48.7500,-86.3500,315
CYSP,48.7500,-86.3500,316
CYSY,72.0000,-125.2700,90
CYTE,64.2200,-76.5300,48
CYTE,64.2300,-76.5200,48
CYTH,55.8000,-97.8700,224
CYTH,55.8000,-97.8500,223
CYTL,53.8200,-89.9000,222
CYTQ,58.6700,-69.9500,37
CYTR,44.1200,-77.5300,86
CYTS,48.5700,-81.3800,295
CYTZ,43.6300,-79.4000,77
CYUA,68.9500,-137.2200,49
CYUB,69.4300,-133.0300,5
CYUL,45.4700,-73.7300,36
CYUS,68.8200,-93.4300,43
CYUT,66.5200,-86.2200,23
CYUX,68.7800,-81.2500,9
CYUY,48.2200,-78.8300,301
CYVC,55.1500,-105.2700,379
CYVL,67.0200,-126.1300,274
CYVM,67.5500,-64.0300,6
CYVO,48.0500,-77.7800,337
CYVP,58.0800,-68.4200,40
CYVP,58.1000,-68.4200,39
CYVQ,65.2800,-126.8000,72
CYVR,49.1800,-123.1700,5
CYVT,55.8300,-108.4300,434
CYVV,44.7500,-81.1200,222
CYVV,44.7500,-81.1000,222
CYWA,45.9500,-77.3200,130
CYWE,64.2000,-114.0800,368
CYWG,49.9000,-97.2300,239
CYWH,48.4200,-123.3800,
CYWJ,65.2200,-123.4300,214
CYWK,52.9200,-66.8700,553
CYWL,52.1800,-122.0500,940
CYWY,63.2200,-123.4300,150
CYXC,49.6200,-115.7800,940
CYXD,53.5700,-113.5200,671
CYXE,52.1700,-106.7200,504
CYXH,50.0200,-110.7200,717
CYXJ,56.2300,-120.7300,715
CYXL,50.1200,-91.9000,383
CYXN,62.2300,-92.6000,12
CYXN,62.2300,-92.6000,20
CYXP,66.1300,-65.7000,24
CYXQ,62.4200,-140.8700,649
CYXR,47.7000,-79.8500,244
CYXS,53.8800,-122.6800,691
CYXT,54.4700,-128.5800,224
CYXU,43.0300,-81.1500,278
CYXX,49.0300,-122.3700,57
CYXY,60.7200,-135.0700,706
CYXZ,47.9700,-84.7800,288
CYYB,46.3700,-79.4200,370
CYYC,51.1200,-114.0200,1084
CYYD,54.8300,-127.1800,523
CYYE,58.8300,-122.6000,382
CYYF,49.4700,-119.6000,344
CYYG,46.2800,-63.1200,48
CYYH,69.5300,-93.5700,28
CYYH,69.5500,-93.5800,27
CYYJ,48.6500,-123.4300,21
CYYL,56.8500,-101.0700,354
CYYN,50.3000,-107.6800,817
CYYQ,58.7300,-94.0700,29
CYYR,53.3000,-60.3700,38
CYYR,53.3200,-60.4200,49
CYYT,47.6200,-52.7500,140
CYYU,49.4000,-82.4700,229
CYYU,49.4200,-82.4700,229
CYYY,48.6200,-68.2000,52
CYYZ,43.6700,-79.6200,164
CYZE,45.8800,-82.5700,187
CYZF,62.4700,-114.4300,206
CYZG,62.1800,-75.6700,226
CYZH,55.3000,-114.7800,583
CYZP,53.2500,-131.8200,6
CYZR,43.0000,-82.3200,181
CYZS,64.2000,-83.3700,62
CYZT,50.6700,-127.3500,24
CYZU,54.1300,-115.7800,782
CYZU,54.1500,-115.7800,782
CYZV,50.2200,-66.2700,55
CYZV,50.2200,-66.2700,70
CYZW,60.1700,-132.7500,705
CYZX,44.9800,-64.9200,29
CYZY,55.2800,-123.1300,690
CZBF,47.6300,-65.7300,59
CZCP,70.1700,-124.7200,87
CZEM,52.2300,-78.5200,6
CZFA,62.2000,-133.3700,716
CZFM,67.4000,-134.8700,35
CZFN,64.9200,-125.5700,98
CZFN,64.9200,-125.5700,100
CZMD,53.4300,-91.7700,278
CZMT,54.0200,-132.1200,6
CZMT,54.0300,-132.1300,6
CZPC,49.5200,-113.9800,1189
CZSJ,53.0700,-93.3500,290
CZST,55.9300,-129.9800,8
CZST,55.9300,-129.8300,7
CZUM,53.5700,-64.1000,439
CZVL,53.6700,-113.8500,688
K01M,34.4800,-88.2000,176
K04V,38.1000,-106.1700,2385
K04W,46.0200,-92.9000,311
K05U,39.6000,-116.0000,1811
K06D,48.8800,-99.6200,556
K08D,48.3000,-102.4000,684
K0A9,36.3700,-82.1700,486
K0CO,39.8000,-105.7700,3807
K0E0,34.9800,-106.0200,1889
K0F2,33.6000,-97.7700,335
K0J4,31.0500,-86.3000,96
K0V4,37.1300,-79.0200,182
K0VG,36.6500,-83.2200,430
K11R,30.2200,-96.3700,94
K12N,41.0000,-74.7300,177
K14Y,45.9000,-94.8700,406
K19A,34.1700,-83.5700,290
K1A5,35.2200,-83.4200,616
K1A6,36.6200,-83.7300,352
K1A9,32.4300,-86.5200,69
K1B7,29.3500,-89.4300,1
K1F0,34.1500,-97.1200,257
K1H2,39.0700,-88.5300,179
K1II,39.3500,-86.0300,216
K1II,39.3500,-86.0200,216
K1J0,30.8500,-85.6000,26
K1K1,37.7800,-97.1200,416
K1L0,30.0800,-90.5800,2
K1M4,34.2800,-87.6000,283
K1P1,43.6000,-71.7500,154
K1QW,46.8000,-120.1700,928
K1R7,31.6000,-90.4200,149
K1S5,46.3300,-119.9700,234
K1V4,44.4200,-72.0200,217
K1V6,38.4300,-105.1000,1658
K1YT,46.6700,-120.4500,418
K20U,46.9200,-103.9800,840
K20V,40.0500,-106.3700,2259
K21D,45.0000,-92.8500,284
K24J,30.3000,-83.0200,32
K28J,29.6700,-81.6800,15
K2C8,48.7800,-97.6300,272
K2D5,46.1700,-98.0800,407
K2G4,39.5800,-79.3300,894
K2G9,40.0300,-79.0200,693
K2I0,37.3500,-87.4000,134
K2J9,30.6000,-84.5500,69
K2V5,40.1000,-102.2300,1118
K2W6,38.3000,-76.5500,43
K2WX,45.2700,-103.5300,925
K33V,40.7500,-106.2700,2484
K36U,40.4800,-111.4300,1718
K3AU,37.6700,-97.0800,405
K3D2,45.1300,-87.1800,236
K3I2,38.9200,-82.1000,196
K3J7,33.6000,-83.1300,206
K3K3,37.9800,-101.7500,1013
K3LF,39.1500,-89.6700,210
K3MW,40.4500,-106.7500,3241
K3N8,47.2700,-95.9300,379
K3R7,30.2500,-92.6700,7
K3T5,29.9000,-96.9500,99
K40B,46.6200,-69.5300,
K40J,30.0700,-83.5700,13
K42J,29.8500,-82.0500,60
K46D,47.4500,-99.1500,488
K4A6,34.6800,-86.0000,198
K4A9,34.4700,-85.7200,267
K4BM,39.0500,-105.5200,3438
K4I3,40.3300,-82.5300,363
K4I7,39.6300,-86.8200,257
K4M9,36.4000,-90.6300,87
K4MR,34.3000,-103.8000,1326
K4O4,33.9200,-94.8700,144
K54J,30.7300,-86.1500,88
K5A6,33.4700,-89.7300,111
K5C1,29.7200,-98.7000,422
K5H4,47.7800,-99.9300,490
K5M9,37.3300,-88.1200,198
K5R8,30.4300,-93.4700,25
K5SM,39.4200,-107.3700,3232
K5T9,28.8500,-100.5200,270
K5W8,35.7000,-79.5000,187
K65S,48.7300,-116.3000,711
K66R,29.6300,-96.5200,74
K6A1,32.5700,-84.2500,203
K6A2,33.2200,-84.2700,292
K6B0,43.9800,-73.1000,149
K6I2,37.6300,-85.2300,264
K6L4,37.8500,-81.9200,508
K6R3,30.3500,-95.0000,45
K6R6,30.0500,-102.2200,701
K79J,31.3200,-86.4000,94
K7BM,38.7700,-106.2200,2995
K7L2,46.2200,-100.2500,542
K7N0,29.9500,-90.0800,9
K7R3,29.7000,-91.1000,2
K7R4,29.7800,-92.1300,1
K7W4,37.9700,-77.7500,106
K82C,43.8300,-90.1300,276
K82V,41.1500,-104.1300,1570
K8A0,34.2200,-86.2500,315
K8D3,45.6700,-97.0000,354
K8W2,38.6500,-78.7000,297
K96D,48.9300,-97.9000,290
K9D7,48.4800,-99.2300,451
K9F2,29.1000,-90.2000,2
K9L2,34.9800,-117.8700,701
K9MN,44.0200,-92.4800,355
K9V9,43.7700,-99.3200,514
KA08,32.5200,-87.3800,69
KAAA,40.1700,-89.3300,182
KAAF,29.7300,-85.0300,6
KAAO,37.7500,-97.2200,432
KAAT,41.5000,-120.5700,1333
KABE,40.6500,-75.4300,117
KABH,38.7500,-104.3200,1840
KABI,32.4200,-99.6800,546
KABQ,35.0300,-106.6200,1619
KABR,45.4500,-98.4200,400
KABR,45.4500,-98.4000,397
KABY,31.5300,-84.1800,59
KACB,44.9800,-85.2000,191
KACJ,32.1200,-84.1800,143
KACK,41.2500,-70.0700,4
KACP,30.7500,-92.6800,33
KACQ,44.0700,-93.5500,343
KACT,31.6200,-97.2200,155
KACV,40.9700,-124.1000,67
KACY,39.4500,-74.5700,20
KADC,46.4500,-95.2200,418
KADF,34.1000,-93.0700,56
KADG,41.8700,-84.0700,241
KADH,34.8000,-96.6700,308
KADM,34.3000,-97.0200,232
KADS,32.9700,-96.8300,195
KADU,41.7000,-94.9200,390
KADW,38.8200,-76.8500,88
KAEG,35.1500,-106.8000,1779
KAEJ,38.8200,-106.1200,2422
KAEL,43.6800,-93.3700,383
KAEX,31.3200,-92.5500,27
KAEX,31.3300,-92.5500,27
KAFF,38.9700,-104.8200,1999
KAFJ,40.1300,-80.2800,361
KAFK,40.6000,-95.8700,354
KAFN,42.8000,-72.0000,317
KAFO,42.7200,-110.9500,1896
KAFP,35.0200,-80.0800,91
KAFW,32.9800,-97.3200,219
KAGC,40.3500,-79.9300,382
KAGS,33.3700,-81.9700,45
KAHN,33.9500,-83.3200,247
KAHQ,41.2300,-96.6000,373
KAIA,42.0500,-102.8000,1198
KAIB,38.2300,-108.5700,1811
KAID,40.1200,-85.6200,278
KAIG,45.1500,-89.1200,464
KAIK,33.6500,-81.6800,160
KAIO,41.4000,-95.0500,360
KAIT,46.5500,-93.6800,367
KAIZ,38.1000,-92.5500,265
KAJG,38.6000,-87.7200,131
KAJO,33.9000,-117.6000,162
KAJZ,38.1800,-108.0700,1583
KAKH,35.2000,-81.1500,243
KAKO,40.1700,-103.2200,1431
KAKQ,36.9800,-77.0200,64
KAKR,41.0300,-81.4700,
KALB,42.7500,-73.8000,89
KALI,27.7500,-98.0300,53
KALK,31.6000,-110.4300,1453
KALM,32.8300,-105.9800,1279
KALN,38.8800,-90.0300,166
KALO,42.5500,-92.4000,268
KALS,37.4300,-105.8700,2299
KALW,46.0300,-118.3300,302
KALX,32.9200,-85.9700,209
KAMA,35.2200,-101.7200,1094
KAMG,31.5300,-82.5200,59
KAMN,43.3200,-84.6800,228
KAMW,42.0000,-93.6200,282
KANB,33.5800,-85.8500,187
KAND,34.5000,-82.7200,238
KANE,45.1500,-93.2200,275
KANJ,46.4800,-84.3500,219
KANK,38.5300,-106.0500,2283
KANQ,41.6300,-85.0800,303
KANW,42.5800,-99.9800,789
KAOH,40.7000,-84.0300,294
KAOO,40.3000,-78.3200,458
KAPA,39.5700,-104.8500,1766
KAPC,38.2200,-122.2800,17
KAPF,26.1500,-81.7700,7
KAPG,39.5000,-76.1700,5
KAPN,45.0700,-83.5700,211
KAPY,26.9700,-99.2500,125
KAQO,30.7800,-98.6500,336
KAQP,45.2300,-96.0000,311
KAQR,34.4000,-96.1500,180
KAQV,31.4000,-93.3000,111
KAQW,42.7000,-73.1700,201
KAQX,33.0000,-81.2700,49
KARA,30.0300,-91.8800,7
KARB,42.2200,-83.7500,254
KARG,36.1300,-90.9200,83
KARM,29.2500,-96.1500,31
KARR,41.7800,-87.5300,191
KART,44.0000,-76.0200,99
KARV,45.9300,-89.7300,493
KARW,32.4200,-80.6300,3
KASD,30.3300,-89.8200,8
KASE,39.2200,-106.8700,2565
KASG,36.1700,-94.1200,410
KASH,42.7800,-71.5200,61
KASJ,36.3000,-77.1700,21
KASL,32.5200,-94.3000,109
KASN,33.5700,-86.0500,161
KAST,46.1500,-123.8800,7
KASW,41.2700,-85.8300,259
KASX,46.5500,-90.9200,250
KATL,33.6500,-84.4200,315
KATP,27.2000,-90.0300,
KATS,32.8500,-104.4700,1081
KATT,30.3000,-97.7000,189
KATW,44.2500,-88.5200,278
KATY,44.9200,-97.1500,533
KAUG,44.3200,-69.8000,109
KAUH,40.9000,-98.0000,550
KAUM,43.6700,-92.9300,390
KAUN,38.9500,-121.0800,467
KAUO,32.6200,-85.4300,236
KAUS,30.1800,-97.6800,172
KAUW,44.9200,-89.6200,365
KAVC,36.7000,-82.5300,430
KAVK,36.7700,-98.6700,449
KAVL,35.4300,-82.5300,661
KAVP,41.3300,-75.7300,289
KAVP,41.3300,-75.7200,
KAVQ,32.4200,-111.2200,619
KAVX,33.4000,-118.4200,482
KAVX,33.4000,-118.4200,
KAWG,41.2800,-91.6700,230
KAWM,35.1300,-90.2300,65
KAWO,48.1700,-122.1500,42
KAXA,43.0800,-94.2700,372
KAXH,29.5000,-95.4700,20
KAXN,45.8700,-95.3800,434
KAXO,29.2500,-89.9700,2
KAXS,34.7000,-99.3300,437
KAXV,40.5000,-84.3000,278
KAXX,36.4200,-105.2800,2554
KAYS,31.2500,-82.4000,46
KAZC,36.9700,-113.0200,1486
KAZE,31.8800,-82.6500,78
KAZO,42.2300,-85.5500,264
KBAB,39.1300,-121.4500,34
KBAC,46.9300,-98.0200,427
KBAD,32.5000,-93.6700,51
KBAF,42.1700,-72.7200,15
KBAK,39.2500,-85.8800,201
KBAN,38.3500,-119.5200,2067
KBAX,43.7800,-82.9800,234
KBAZ,29.7000,-98.0300,198
KBBB,45.3300,-95.6500,317
KBBD,31.1800,-99.4800,557
KBBF,27.8300,-96.0200,30
KBBG,36.5300,-93.2000,397
KBBP,34.6200,-79.7300,45
KBBW,41.4300,-99.6500,771
KBCB,37.2200,-80.4200,650
KBCE,37.7000,-112.1500,2312
KBCK,44.2500,-90.8500,254
KBCT,26.3800,-80.1000,4
KBDE,48.7200,-94.6000,328
KBDG,37.5800,-109.4800,1788
KBDH,45.1200,-95.1300,343
KBDL,41.9300,-72.6800,55
KBDN,44.1000,-121.2000,1055
KBDR,41.1700,-73.1300,5
KBDU,40.0300,-105.2200,1612
KBEA,28.3700,-97.7800,82
KBED,42.4700,-71.2800,41
KBEH,42.1300,-86.4300,195
KBFD,41.8000,-78.6300,653
KBFF,41.8700,-103.6000,1206
KBFI,47.5300,-122.3000,5
KBFL,35.4300,-119.0500,150
KBFM,30.6300,-88.0700,8
KBFW,47.2500,-91.4200,332
KBGD,35.7000,-101.4000,931
KBGE,30.9700,-84.6300,43
KBGF,35.1800,-86.0700,298
KBGM,42.2000,-75.9800,499
KBGM,42.2200,-75.9800,497
KBGR,44.8000,-68.8200,60
KBHB,44.4500,-68.3700,20
KBHC,31.7200,-82.4000,61
KBHK,46.3500,-104.2500,905
KBHM,33.5700,-86.7500,192
KBID,41.1700,-71.5800,36
KBIE,40.3200,-96.7500,402
KBIF,31.8500,-106.3800,1203
KBIH,37.3700,-118.3700,1263
KBIJ,31.4000,-84.9000,65
KBIL,45.8000,-108.5300,1088
KBIS,46.7700,-100.7500,505
KBIV,42.7500,-86.1000,208
KBIX,30.4200,-88.9200,11
KBJC,39.9000,-105.1200,1710
KBJI,47.5000,-94.9300,420
KBJJ,40.8700,-81.8800,343
KBJN,37.6200,-116.2700,1756
KBKB,31.0200,-92.9200,94
KBKD,32.7200,-98.8800,391
KBKE,44.8300,-117.8200,1027
KBKF,39.7200,-104.7500,1625
KBKL,41.5200,-81.6800,177
KBKN,36.7300,-97.3300,314
KBKS,27.2000,-98.1200,34
KBKT,37.0700,-77.9500,134
KBKV,28.4700,-82.4500,20
KBKW,37.7800,-81.1200,766
KBKX,44.3000,-96.8200,502
KBLF,37.3000,-81.2200,873
KBLH,33.6200,-114.7200,119
KBLI,48.8000,-122.5300,48
KBLM,40.1800,-74.1300,48
KBLU,39.2800,-120.7000,1600
KBLV,38.5500,-89.8500,138
KBMC,41.5500,-112.0700,1288
KBMG,39.1300,-86.6200,257
KBMI,40.4700,-88.9200,267
KBML,44.5800,-71.1800,353
KBMQ,30.7300,-98.2300,389
KBMT,30.0700,-94.2200,10
KBNA,36.1200,-86.6800,174
KBNL,33.2500,-81.3800,74
KBNO,43.5800,-118.9500,1271
KBNW,42.0500,-93.8500,354
KBOI,43.5700,-116.2300,871
KBOI,43.5700,-116.2300,873
KBOK,42.0700,-124.2800,140
KBOS,42.3700,-71.0200,9
KBOS,42.3700,-71.0000,9
KBOW,27.9500,-81.7800,39
KBPC,35.8800,-101.0200,845
KBPG,32.2200,-101.5200,784
KBPI,42.5700,-110.1000,2124
KBPI,42.5800,-110.1000,2124
KBPK,36.3700,-92.4700,279
KBPT,29.9500,-94.0200,7
KBQK,31.2500,-81.4700,496
KBQP,32.7500,-91.8700,51
KBQX,28.5000,-95.7200,30
KBRD,46.4000,-94.1300,372
KBRL,40.7700,-91.1200,212
KBRO,25.9200,-97.4200,8
KBTA,41.4200,-96.1200,404
KBTL,42.3000,-85.2300,287
KBTM,45.9500,-112.5000,1688
KBTP,40.7700,-79.9300,378
KBTR,30.5300,-91.1500,21
KBTV,44.4700,-73.1500,104
KBUF,42.9300,-78.7200,218
KBUF,42.9300,-78.7200,219
KBUR,34.2000,-118.3700,222
KBUU,42.6800,-88.3000,237
KBUY,36.0500,-79.4800,180
KBVE,29.3300,-89.4000,1
KBVI,40.7700,-80.4000,379
KBVN,41.7200,-98.0500,550
KBVO,36.7500,-96.0000,218
KBVS,48.4700,-122.4200,44
KBVU,35.9500,-114.8700,671
KBVX,35.7300,-91.6500,141
KBVY,42.5800,-70.9200,48
KBWD,31.8000,-98.9500,423
KBWG,36.9700,-86.4300,164
KBWI,39.1800,-76.6700,47
KBWP,46.2500,-96.6000,295
KBXA,30.8200,-89.8700,36
KBXK,33.4200,-112.6800,311
KBYG,44.3800,-106.7200,1497
KBYH,35.9700,-89.9500,78
KBYI,42.5300,-113.7700,1264
KBYY,28.9700,-95.8700,14
KBZN,45.7800,-111.1500,1360
KC09,41.4300,-88.4200,178
KC29,43.1200,-89.5300,282
KC35,43.5300,-89.9800,276
KC75,41.0200,-89.3800,173
KCAD,44.2800,-85.4200,397
KCAE,33.9500,-81.1200,69
KCAG,40.5000,-107.5200,1915
KCAK,40.9200,-81.4500,377
KCAK,40.9200,-81.4300,377
KCAO,36.4500,-103.1500,1515
KCAR,46.8700,-68.0000,191
KCAV,42.7500,-93.7700,354
KCBE,39.6200,-78.7700,236
KCBF,41.2700,-95.7700,382
KCBG,45.5700,-93.2700,288
KCBK,39.4300,-101.0500,971
KCBM,33.6500,-88.4500,67
KCCA,35.6000,-92.4500,157
KCCO,33.3200,-84.7700,296
KCCR,37.9800,-122.0500,18
KCCU,39.4700,-106.1500,3680
KCCY,43.0700,-92.6200,338
KCDA,44.5700,-72.0200,355
KCDC,37.7000,-113.1000,1714
KCDD,48.2700,-93.1200,
KCDH,33.6200,-92.7700,40
KCDJ,39.8200,-93.5800,234
KCDN,34.2800,-80.5700,92
KCDR,42.8300,-103.0800,1004
KCDS,34.4300,-100.2800,595
KCDW,40.8700,-74.2800,56
KCEC,41.7800,-124.2300,17
KCEF,42.2000,-72.5300,75
KCEU,34.6700,-82.8800,271
KCEW,30.7800,-86.5200,56
KCEY,36.6700,-88.3700,175
KCEZ,37.3000,-108.6300,1475
KCFD,30.7200,-96.3300,112
KCFE,45.1700,-93.8500,295
KCFJ,39.9700,-86.9200,244
KCFS,43.4700,-83.4500,214
KCFV,37.1000,-95.5700,230
KCGC,28.8700,-82.5700,2
KCGE,38.5300,-76.0300,5
KCGF,41.5700,-81.4800,266
KCGI,37.2200,-89.5700,103
KCGS,38.9800,-76.9200,15
KCGZ,32.9500,-111.7700,446
KCHA,35.0300,-85.2000,210
KCHD,33.3000,-111.6700,422
KCHK,35.1000,-97.9700,351
KCHO,38.1300,-78.4500,195
KCHS,32.8800,-80.0200,15
KCIC,39.8000,-121.8500,82
KCID,41.8800,-91.7200,265
KCID,41.8800,-91.7000,265
KCIN,42.0500,-94.7800,375
KCIR,37.0700,-89.2200,98
KCIU,46.2500,-84.4700,244
KCJR,38.5300,-77.8700,95
KCKB,39.2800,-80.2300,358
KCKC,47.8300,-90.5300,506
KCKF,31.9800,-83.7700,95
KCKI,33.7200,-79.8500,20
KCKM,34.2800,-90.5000,53
KCKN,47.8500,-96.6200,274
KCKP,42.7300,-95.5700,374
KCKV,36.6200,-87.4200,168
KCLE,41.4200,-81.8700,245
KCLE,41.4200,-81.8500,245
KCLI,44.6200,-88.7300,256
KCLK,35.5300,-98.9300,492
KCLL,30.5800,-96.3500,100
KCLM,48.1200,-123.5000,87
KCLS,46.6800,-122.9800,54
KCLT,35.2200,-80.9300,234
KCLW,27.9700,-82.7500,22
KCMA,34.2200,-119.1000,27
KCMD,34.2700,-86.8500,294
KCMH,40.0000,-82.8800,254
KCMI,40.0300,-88.2800,230
KCMR,35.3000,-112.1800,2036
KCMX,47.1700,-88.5000,329
KCMY,43.9700,-90.7300,255
KCNB,44.7200,-96.2500,363
KCNC,41.0300,-93.3700,320
KCNI,34.3000,-84.4200,372
KCNK,39.5500,-97.6500,452
KCNM,32.3500,-104.2500,985
KCNO,33.9700,-117.6300,206
KCNU,37.6700,-95.4800,304
KCNW,31.6300,-97.0700,143
KCNY,38.7700,-109.7500,1383
KCOD,44.5200,-109.0200,1553
KCOE,47.7700,-116.8200,707
KCOF,28.2300,-80.6000,3
KCOM,31.8300,-99.4000,517
KCON,43.2000,-71.5000,105
KCOQ,46.7000,-92.5000,410
KCOS,38.8200,-104.7200,1881
KCOT,28.4500,-99.2200,140
KCOU,38.8200,-92.2200,274
KCPC,34.2700,-78.7200,30
KCPK,36.6700,-76.3200,6
KCPR,42.9000,-106.4700,1612
KCPR,42.9200,-106.4700,1612
KCPS,38.5700,-90.1500,126
KCPT,32.3500,-97.4300,260
KCPW,37.4500,-106.8000,3584
KCQB,35.7200,-96.8200,300
KCQC,35.0000,-105.6700,2160
KCQF,30.4700,-87.8800,28
KCQM,47.8200,-92.6800,405
KCQT,34.0200,-118.2800,56
KCQW,34.7200,-79.9500,72
KCQX,41.6800,-70.0000,19
KCRE,33.8200,-78.7200,24
KCRG,30.3300,-81.5000,14
KCRH,28.9000,-93.3000,
KCRP,27.7700,-97.5000,15
KCRQ,33.1300,-117.2800,100
KCRS,32.0300,-96.4000,133
KCRW,38.3700,-81.6000,299
KCRX,34.9200,-88.6000,129
KCSG,32.5200,-84.9300,121
KCSM,35.3500,-99.2000,586
KCSQ,41.0200,-94.3700,394
KCSV,35.9500,-85.0800,573
KCTB,48.6000,-112.3700,1175
KCTJ,33.6300,-85.1500,354
KCTY,29.6200,-83.1000,13
KCTZ,34.9800,-78.3700,45
KCUB,33.9700,-81.0000,56
KCUH,35.9500,-96.7700,279
KCUL,38.0800,-88.1200,118
KCUT,43.7300,-103.6200,1725
KCVB,29.3500,-98.8500,234
KCVC,33.6300,-83.8500,247
KCVG,39.0500,-84.6700,267
KCVH,36.9000,-121.4200,70
KCVN,34.4300,-103.0800,1284
KCVO,44.5000,-123.2800,73
KCVS,34.3800,-103.3200,1309
KCVW,29.7800,-93.3000,
KCVX,45.3000,-85.2700,204
KCWA,44.7800,-89.6700,386
KCWC,33.8500,-98.4800,304
KCWF,30.2200,-93.1500,4
KCWI,41.8300,-90.3300,216
KCWN,44.0200,-71.1700,151
KCWV,32.2000,-81.8700,34
KCXE,36.7800,-78.5000,153
KCXO,30.3500,-95.4200,75
KCXP,39.2000,-119.7300,1434
KCXY,40.2200,-76.8500,106
KCYS,41.1500,-104.8200,1872
KCYS,41.1500,-104.8000,1872
KCZT,28.5200,-99.8200,183
KCZZ,32.6200,-116.4700,797
KD07,45.0300,-102.0200,787
KD25,46.1200,-89.8800,491
KD39,45.7000,-94.9300,379
KD50,48.9300,-103.8300,594
KD55,48.7500,-98.5700,490
KD57,46.8200,-101.8700,637
KD60,48.3800,-102.9000,692
KD95,43.0700,-83.2700,254
KDAA,38.7200,-77.1800,21
KDAB,29.1700,-81.0500,10
KDAG,34.8700,-116.7800,584
KDAL,32.8500,-96.8500,149
KDAN,36.5700,-79.3300,177
KDAW,43.2800,-70.9300,100
KDAY,39.9000,-84.2200,306
KDBN,32.5700,-82.9800,94
KDBQ,42.4000,-90.7200,329
KDBQ,42.4000,-90.7000,329
KDCA,38.8500,-77.0300,20
KDCM,34.7800,-81.2000,200
KDCU,34.6500,-86.9500,177
KDCY,38.7000,-87.1300,144
KDDC,37.7500,-99.9700,790
KDDH,42.8800,-73.2500,249
KDEC,39.8300,-88.8800,207
KDED,29.0700,-81.2800,24
KDEH,43.2800,-91.7300,353
KDEN,39.8700,-104.6700,1656
KDEQ,34.1200,-94.2800,195
KDET,42.4200,-83.0000,190
KDEW,47.9700,-117.4200,672
KDFI,41.3300,-84.4300,215
KDFW,32.9000,-97.0300,182
KDGW,42.8000,-105.3800,1502
KDHN,31.3200,-85.4500,122
KDHT,36.0200,-102.5300,1217
KDIJ,43.7300,-111.1000,1898
KDIK,46.7800,-102.8000,789
KDKB,41.9300,-88.7000,279
KDKK,42.5000,-79.2800,202
KDKR,31.3000,-95.4000,106
KDLF,29.1200,-100.4700,295
KDLH,46.8300,-92.1800,432
KDLL,39.6300,-106.0300,2762
KDLN,45.2500,-112.5500,1591
KDLP,29.1200,-89.5500,224
KDLS,45.6200,-121.1700,71
KDLZ,40.2800,-83.1200,288
KDMA,32.1700,-110.8800,824
KDMH,39.2800,-76.6200,6
KDMN,32.2500,-107.7000,1315
KDMO,38.7000,-93.1800,275
KDMW,39.6200,-77.0000,240
KDNL,33.4700,-82.0300,130
KDNN,34.7200,-84.8700,216
KDNS,41.9800,-95.3800,388
KDNV,40.2000,-87.6000,212
KDOV,39.1300,-75.4700,24
KDPA,41.9200,-88.2500,231
KDPG,40.1700,-112.9300,1325
KDPL,35.0000,-77.9800,42
KDQH,31.4800,-82.8700,78
KDRA,36.6200,-116.0200,1006
KDRI,30.8300,-93.3300,62
KDRM,46.0200,-83.7500,204
KDRO,37.1500,-107.7500,2025
KDRT,29.3700,-100.9300,314
KDSM,41.5300,-93.6700,294
KDSM,41.5300,-93.6500,294
KDSV,42.5700,-77.7200,209
KDTA,39.3800,-112.5000,1451
KDTL,46.8300,-95.8800,425
KDTN,32.5200,-93.7500,54
KDTO,33.2000,-97.2000,197
KDTS,30.4000,-86.4700,6
KDTW,42.2200,-83.3500,202
KDTW,42.2300,-83.3300,202
KDUA,33.9500,-96.4000,213
KDUB,43.5500,-109.6800,2224
KDUC,34.4700,-97.9700,339
KDUG,31.4700,-109.6000,1265
KDUH,41.7300,-83.6500,204
KDUJ,41.1800,-78.9000,552
KDUX,35.8500,-102.0000,1129
KDVK,37.5700,-84.7700,312
KDVL,48.1200,-98.9200,443
KDVN,41.6000,-90.5700,230
KDVN,41.6200,-90.5800,230
KDVO,38.1500,-122.5500,1
KDVP,43.9800,-95.7800,495
KDVT,33.6800,-112.0800,458
KDWH,30.0700,-95.5500,45
KDWU,38.5500,-82.7300,166
KDWX,41.0300,-107.5000,1996
KDXR,41.3700,-73.4800,138
KDXX,44.9800,-96.1800,330
KDYA,32.4700,-87.9500,34
KDYB,33.0700,-80.2800,17
KDYL,40.3300,-75.1200,117
KDYR,36.0200,-89.4000,105
KDYS,32.4300,-99.8500,546
KDYT,46.7700,-92.0800,186
KDZB,30.5300,-98.3700,333
KDZJ,34.8500,-84.0000,575
KE11,32.3300,-102.5300,967
KE16,37.0800,-121.6000,86
KE38,30.3800,-103.6800,1376
KE80,34.6500,-106.8300,1583
KEAR,40.7300,-99.0000,649
KEAT,47.4000,-120.2000,379
KEAU,44.8700,-91.4800,276
KEBG,26.4500,-98.1300,24
KEBS,42.4300,-93.8700,338
KECG,36.2500,-76.1700,12
KECP,30.3500,-85.8000,
KECS,43.8800,-104.3200,1272
KECU,29.9500,-100.1700,723
KEDC,30.4000,-97.5700,188
KEDE,36.0300,-76.5700,6
KEDJ,40.3700,-83.8200,342
KEDN,31.3000,-85.9000,110
KEDU,38.5300,-121.7800,21
KEDW,34.9200,-117.9000,705
KEED,34.7700,-114.6200,302
KEEN,42.9000,-72.2700,158
KEEO,40.0300,-107.9000,1930
KEET,33.1800,-86.7800,173
KEFD,29.6000,-95.1700,10
KEFK,44.8800,-72.2300,283
KEFT,42.6200,-89.5800,331
KEGE,39.6500,-106.9200,1973
KEGI,30.6500,-86.5200,58
KEGV,45.9300,-89.2700,501
KEHA,37.0000,-101.8800,1102
KEHC,28.4300,-92.8800,224
KEHO,35.2500,-81.6000,258
KEHR,37.8000,-87.6800,118
KEHY,41.7300,-106.4700,2225
KEIK,40.0200,-105.0500,1563
KEIR,28.6300,-91.4800,
KEKM,41.7200,-86.0000,236
KEKN,38.8800,-79.8500,609
KEKO,40.8300,-115.7800,1547
KEKQ,36.8500,-84.8500,294
KELA,29.6000,-96.3200,56
KELD,33.2200,-92.8200,81
KELK,35.4300,-99.4000,614
KELM,42.1700,-76.9000,290
KELN,47.0000,-120.5200,535
KELO,47.8200,-91.8300,441
KELP,31.8000,-106.4000,1194
KELY,39.2800,-114.8500,1909
KELZ,42.1200,-78.0000,646
KEMK,27.8200,-94.3200,
KEMM,41.8200,-110.5500,2220
KEMP,38.3300,-96.2000,1522
KEMT,34.0800,-118.0300,91
KEMV,36.6800,-77.4800,39
KEND,36.3300,-97.9200,398
KENL,38.5200,-89.1000,163
KENV,40.7300,-114.0300,1292
KENW,42.6000,-87.9300,220
KEOE,34.3200,-81.6300,173
KEOK,40.4700,-91.4300,205
KEPH,47.3000,-119.5000,384
KEQA,37.7700,-96.8200,420
KEQY,35.0200,-80.6200,212
KERI,42.0800,-80.1800,225
KERV,29.9700,-99.0800,484
KERY,46.3200,-85.4700,265
KESC,45.7500,-87.0300,187
KESF,31.3800,-92.3000,33
KESN,38.8000,-76.0700,22
KEST,43.4000,-94.7500,400
KETB,43.4200,-88.1300,269
KETC,35.9300,-77.5500,16
KETH,45.7800,-96.5500,313
KEUF,31.9500,-85.1300,87
KEUG,44.1200,-123.2200,114
KEUL,43.6300,-116.6300,740
KEVB,29.0500,-80.9500,3
KEVM,47.4300,-92.5000,440
KEVV,38.0500,-87.5300,118
KEVW,41.2700,-111.0200,2165
KEWB,41.6700,-70.9500,24
KEWK,38.0500,-97.2800,467
KEWN,35.0800,-77.0500,6
KEWR,40.7000,-74.1700,9
KEXX,35.7800,-80.3000,223
KEYE,39.8300,-86.3000,248
KEYF,34.6000,-87.5800,41
KEZF,38.2700,-77.4500,26
KEZM,32.2200,-83.1300,93
KEZS,44.7800,-88.5700,246
KF05,34.2300,-99.2800,386
KF17,31.8300,-94.1500,97
KF44,32.1700,-95.8300,135
KF46,32.9300,-96.4300,175
KF70,33.5700,-117.1300,412
KFAF,37.1300,-76.6200,4
KFAM,37.7700,-90.4300,288
KFAR,46.9000,-96.8000,274
KFAR,46.9200,-96.8200,274
KFAT,36.7700,-119.7200,100
KFAY,35.0000,-78.8800,57
KFBG,35.1300,-78.9300,74
KFBL,44.3300,-93.3200,322
KFBR,41.4000,-110.4000,2144
KFCI,37.4000,-77.5300,71
KFCM,44.8300,-93.4500,286
KFCS,38.7000,-104.7700,1789
KFDK,39.4200,-77.3700,92
KFDR,34.3500,-98.9800,382
KFDW,34.3200,-81.1200,176
KFDY,41.0200,-83.6700,244
KFEP,42.2500,-89.5800,262
KFET,41.4500,-96.5200,367
KFEW,41.1300,-104.8700,1877
KFFA,36.0200,-75.6700,4
KFFC,33.3500,-84.5700,245
KFFL,41.0500,-91.9800,244
KFFM,46.2800,-96.1500,361
KFFO,39.8300,-84.0500,251
KFFT,38.1800,-84.9000,237
KFFX,43.4300,-86.0000,230
KFFZ,33.4700,-111.7300,422
KFGN,49.3200,-94.9000,
KFGX,38.5500,-83.7500,278
KFHB,30.6200,-81.4700,5
KFHR,48.5200,-123.0200,33
KFHU,31.5800,-110.3300,1428
KFIG,41.0500,-78.4200,462
KFIN,29.4700,-81.2200,10
KFIT,42.5500,-71.7500,103
KFKA,43.6800,-92.1800,389
KFKL,41.3800,-79.8700,466
KFKN,36.7000,-76.9000,12
KFKR,40.2700,-86.5700,262
KFKS,44.6200,-86.2000,193
KFLD,43.7700,-88.4800,246
KFLG,35.1300,-111.6700,2127
KFLL,26.0700,-80.1500,37
KFLO,34.1800,-79.7200,45
KFLP,36.3000,-92.4700,350
KFLY,38.9500,-104.5700,2095
KFME,39.0800,-76.7700,46
KFMH,41.6500,-70.5200,40
KFMM,40.3300,-103.8000,1393
KFMN,36.7500,-108.2300,1677
KFMY,26.5800,-81.8700,5
KFNB,40.0700,-95.5800,298
KFNL,40.4500,-105.0200,1515
KFNT,42.9700,-83.7500,233
KFOA,38.6700,-88.4500,144
KFOD,42.5500,-94.1800,355
KFOE,38.9500,-95.6700,327
KFOK,40.8500,-72.6300,20
KFOT,40.5500,-124.1300,120
KFOZ,47.7800,-93.6500,411
KFPK,42.5700,-84.8200,272
KFPR,27.4800,-80.3700,8
KFQD,35.4300,-81.9300,329
KFRG,40.7300,-73.4300,41
KFRI,39.1000,-96.7700,320
KFRM,43.6500,-94.4200,354
KFRR,38.9200,-78.2500,216
KFSD,43.5800,-96.7300,435
KFSE,47.6000,-95.7800,389
KFSI,34.6000,-98.4000,360
KFSM,35.3300,-94.3700,141
KFSO,44.9300,-73.0800,228
KFST,30.9200,-102.9200,918
KFSW,40.6700,-91.3300,221
KFTG,39.7800,-104.5500,1675
KFTK,37.9000,-85.9700,230
KFTN,28.2200,-100.0200,236
KFTW,32.8200,-97.3500,215
KFTY,33.7800,-84.5200,256
KFUL,33.8700,-117.9700,29
KFVE,47.2800,-68.3200,85
KFVX,37.3500,-78.4300,125
KFWA,40.9800,-85.2000,252
KFWA,41.0000,-85.2000,252
KFWB,36.7000,-93.4000,411
KFWC,38.3800,-88.4200,133
KFWN,41.2000,-74.6200,133
KFWS,32.4000,-97.3200,212
KFWZ,42.5200,-108.7800,2588
KFXE,26.2000,-80.1700,4
KFXY,43.2300,-93.6200,375
KFYG,38.5800,-91.0000,149
KFYJ,37.5200,-76.7700,7
KFYM,35.0700,-86.5700,300
KFYV,36.0000,-94.1700,382
KFZG,31.6800,-83.2700,111
KFZY,43.3500,-76.3800,145
KGAD,33.9700,-86.1000,171
KGAF,48.4000,-97.3700,251
KGAG,36.2800,-99.7700,669
KGAI,39.1700,-77.1700,164
KGAO,29.4300,-90.2500,
KGBD,38.3500,-98.8700,572
KGBG,40.9300,-90.4300,233
KGBK,27.2000,-92.2000,
KGCC,44.3500,-105.5300,1230
KGCD,44.4000,-118.9700,1127
KGCK,37.9300,-100.7200,873
KGCM,36.3000,-95.4800,221
KGCN,36.1200,-112.1500,2125
KGDB,44.7500,-95.5500,319
KGDJ,32.4500,-97.8200,237
KGDP,31.8300,-104.8000,1662
KGDV,47.1300,-104.8000,741
KGED,38.7000,-75.3700,15
KGEG,47.6300,-117.5300,721
KGEU,33.5300,-112.3000,325
KGEV,36.4300,-81.4200,969
KGEY,44.5200,-108.0800,1191
KGEZ,39.5800,-85.8000,245
KGFA,47.5000,-111.1800,1075
KGFK,47.9500,-97.1800,257
KGFL,43.3500,-73.6000,103
KGGE,33.3200,-79.3200,11
KGGG,32.3500,-94.6500,124
KGGI,41.7200,-92.7300,307
KGGP,40.7000,-86.3700,225
KGGW,48.2000,-106.6200,694
KGGW,48.2200,-106.6200,694
KGHB,27.8300,-91.9800,
KGHG,42.1000,-70.6700,3
KGHW,45.6500,-95.2500,425
KGIC,45.9500,-116.1200,1010
KGIF,28.0700,-81.7500,44
KGJT,39.1200,-108.5200,1472
KGKJ,41.6300,-80.2200,428
KGKT,35.8500,-83.5300,309
KGKY,32.6700,-97.1000,185
KGLD,39.3700,-101.6800,1124
KGLE,33.6500,-97.2000,256
KGLH,33.4700,-90.9800,46
KGLR,45.0200,-84.7000,402
KGLS,29.3000,-94.8000,16
KGLW,37.0300,-85.9500,218
KGLY,38.3500,-93.6800,250
KGMJ,36.6000,-94.7300,254
KGMU,34.8500,-82.3500,318
KGNA,47.8300,-90.3800,186
KGNC,32.6800,-102.6500,1010
KGNF,33.8300,-89.8000,63
KGNR,45.4700,-69.6000,306
KGNT,35.1700,-107.9000,1976
KGNV,29.6800,-82.2700,50
KGOK,35.8500,-97.4000,327
KGON,41.3300,-72.0500,6
KGOO,39.2200,-121.0000,961
KGOP,31.4200,-97.8000,276
KGOV,44.6800,-84.7300,353
KGPH,39.3300,-94.3200,237
KGPI,48.3200,-114.2500,908
KGPM,32.7000,-97.0500,180
KGPT,30.4000,-89.0700,16
KGPZ,47.2200,-93.5200,400
KGRB,44.4800,-88.1000,209
KGRB,44.5000,-88.1200,210
KGRD,34.2500,-82.1500,185
KGRF,47.1200,-122.5500,87
KGRI,40.9500,-98.3200,566
KGRI,40.9700,-98.3000,566
KGRK,31.1000,-97.3300,270
KGRR,42.8800,-85.5200,245
KGRY,27.6300,-90.4300,58
KGSB,35.3300,-77.9700,33
KGSH,41.5300,-85.7800,252
KGSO,36.0800,-79.9500,277
KGSP,34.9000,-82.2200,296
KGTB,44.0500,-75.7300,207
KGTF,47.4800,-111.3700,1115
KGTR,33.4500,-88.5800,79
KGTU,30.6800,-97.6800,240
KGUC,38.5500,-106.9300,2325
KGUL,27.3000,-93.5300,
KGUP,35.5200,-108.7800,1971
KGUR,42.2700,-104.7300,1341
KGUS,40.6500,-86.1500,248
KGUY,36.6800,-101.5000,948
KGVE,38.1500,-78.1700,138
KGVL,34.2700,-83.8300,386
KGVT,33.0700,-96.0700,165
KGVX,28.5800,-94.9800,30
KGWB,41.3000,-85.0500,268
KGWO,33.4800,-90.0800,45
KGWR,46.2200,-97.6500,385
KGWW,35.4700,-77.9700,41
KGXA,34.5700,-117.6700,923
KGXF,32.8800,-112.7200,269
KGXY,40.4300,-104.6300,1420
KGYB,30.1700,-96.9800,148
KGYH,34.7700,-82.3800,291
KGYI,33.7000,-96.6700,227
KGYL,44.7500,-94.0800,302
KGYR,33.4200,-112.3800,293
KGYY,41.6200,-87.4200,192
KGZH,31.4200,-87.0500,78
KGZL,35.2800,-95.0800,183
KH21,37.9700,-92.6800,324
KH78,28.1800,-88.4800,43
KHAE,39.7200,-91.4500,234
KHAF,37.5000,-122.5000,20
KHAI,41.9700,-85.6000,251
KHAO,39.3700,-84.5300,188
KHBG,31.2500,-89.2500,45
KHBI,35.6500,-79.9000,205
KHBR,35.0000,-99.0500,477
KHBV,27.3500,-98.7300,202
KHCD,44.8700,-94.3800,330
KHCO,48.7500,-96.9500,249
KHDC,30.5200,-90.4200,13
KHDE,40.4500,-99.3300,705
KHDN,40.4800,-107.2200,2000
KHDO,29.3500,-99.1700,281
KHEF,38.7200,-77.5200,59
KHEI,46.0200,-102.6500,828
KHEQ,40.5700,-102.2700,1137
KHEY,31.3500,-85.6500,97
KHEZ,31.6200,-91.3000,83
KHFD,41.7300,-72.6500,16
KHFF,35.0300,-79.5000,115
KHFJ,36.9000,-94.0200,401
KHGR,39.6800,-77.7300,213
KHHF,35.9000,-100.4000,730
KHHG,40.8500,-85.4500,246
KHHR,33.9200,-118.3300,19
KHHV,26.9300,-94.6800,
KHHW,34.0300,-95.5300,174
KHIB,47.3800,-92.8500,412
KHIE,44.3700,-71.5500,319
KHIF,41.1200,-111.9700,1459
KHII,34.5700,-114.3500,238
KHIO,45.5300,-122.9500,60
KHJH,40.1500,-97.5800,447
KHJO,36.3200,-119.6300,75
KHKA,35.9300,-89.8300,78
KHKS,32.3300,-90.2300,108
KHKY,35.7500,-81.3800,362
KHLC,39.3800,-99.8300,677
KHLG,40.1800,-80.6500,364
KHLN,46.6000,-112.0000,1188
KHLR,31.1500,-97.7200,281
KHLX,36.7700,-80.8200,834
KHMN,32.8500,-106.1000,1248
KHNB,38.2500,-86.9500,161
KHND,35.9800,-115.1300,760
KHNR,41.5800,-95.3300,375
KHNZ,36.3700,-78.5300,161
KHOB,32.6800,-103.2000,1109
KHOE,31.0500,-82.7700,57
KHON,44.3800,-98.2200,393
KHOP,36.6700,-87.5000,174
KHOT,34.4800,-93.1000,162
KHOU,29.6300,-95.2700,15
KHPN,41.0700,-73.7200,134
KHQI,27.9700,-93.6700,30
KHQM,46.9700,-123.9300,7
KHQU,33.5300,-82.5200,152
KHQZ,32.7500,-96.5300,136
KHRI,45.8300,-119.2700,194
KHRJ,35.3800,-78.7300,60
KHRL,26.2200,-97.6700,10
KHRO,36.2500,-93.1500,421
KHRT,30.4200,-86.6800,11
KHRX,34.8500,-102.3300,1154
KHSA,30.3700,-89.4500,7
KHSB,37.8200,-88.5500,121
KHSE,35.2300,-75.6200,3
KHSI,40.6000,-98.4300,588
KHSP,37.2500,-79.8200,1152
KHST,25.4800,-80.3800,2
KHSV,34.6500,-86.7700,196
KHTL,44.3500,-84.6700,351
KHTO,40.9500,-72.2500,17
KHTS,38.3700,-82.5500,255
KHUA,34.6000,-86.6300,175
KHUF,39.4500,-87.3000,181
KHUL,46.1300,-67.7800,150
KHUM,29.5700,-90.6700,8
KHUT,38.0700,-97.8700,462
KHVE,38.4200,-110.7000,1355
KHVN,41.2700,-75.3800,4
KHVR,48.5500,-109.7700,792
KHVS,34.4000,-80.1200,110
KHWD,37.6500,-122.1200,19
KHWO,26.0000,-80.2300,3
KHWV,40.8200,-72.8700,21
KHWY,38.5800,-77.7200,102
KHXD,32.2200,-80.7000,6
KHYA,41.6700,-70.2800,16
KHYI,29.9000,-97.8700,182
KHYR,46.0200,-91.4500,368
KHYS,38.8500,-99.2700,605
KHYW,33.8300,-79.1200,10
KHYX,43.4300,-83.8700,183
KHZE,47.2800,-101.5800,553
KHZL,40.9800,-76.0000,489
KHZR,30.7200,-91.4800,12
KHZX,46.6200,-93.3200,374
KHZY,41.7800,-80.7000,276
KI16,37.6000,-81.5500,544
KI35,36.8500,-83.3500,473
KI39,37.6300,-84.3300,304
KI67,39.2700,-84.7700,178
KI69,39.0800,-84.2200,257
KI75,41.0500,-93.6800,338
KIAB,37.6200,-97.2700,418
KIAD,38.9500,-77.4500,98
KIAG,43.1000,-78.9500,180
KIAH,29.9700,-95.3500,33
KIBM,41.1800,-103.6800,1501
KICL,40.7200,-95.0300,303
KICR,43.3800,-99.8500,619
KICT,37.6500,-97.4300,409
KIDA,43.5200,-112.0700,1445
KIDI,40.6300,-79.1000,429
KIDP,37.1700,-95.7800,251
KIEN,43.0300,-102.5200,998
KIER,31.7300,-93.1000,37
KIFA,42.4700,-93.2700,347
KIFP,35.1500,-114.5700,211
KIGM,35.2700,-113.9500,1033
KIGQ,41.5300,-87.5300,188
KIGX,35.9300,-79.0700,155
KIIB,42.4500,-91.9500,298
KIIY,33.7800,-82.8200,197
KIJD,41.7500,-72.1800,76
KIJX,39.7700,-90.2300,190
KIKK,41.0700,-87.8500,192
KIKT,28.5200,-88.2800,
KIKV,41.7000,-93.5700,275
KIKW,43.6700,-84.2700,193
KILE,31.0800,-97.6800,256
KILG,39.6700,-75.6000,23
KILM,34.2700,-77.9000,10
KILN,39.4200,-83.8200,323
KIML,40.5300,-101.6300,1000
KIMM,26.4300,-81.4000,11
KIMS,38.7700,-85.4700,250
KIMT,45.8200,-88.1200,356
KIND,39.7300,-86.2700,246
KINF,28.8000,-82.3200,20
KINJ,32.0800,-97.1000,209
KINK,31.7800,-103.2000,855
KINL,48.5500,-93.3800,362
KINL,48.5700,-93.4000,361
KINS,36.2300,-115.0300,952
KINS,36.5300,-115.9000,972
KINT,36.1300,-80.2300,298
KINW,35.0200,-110.7300,1488
KIOB,38.0500,-83.9800,311
KIOW,41.6300,-91.5500,200
KIPJ,35.4800,-81.1700,267
KIPL,32.8300,-115.5800,-18
KIPN,28.0800,-87.9800,
KIPT,41.2500,-76.9200,160
KIRK,40.1000,-92.5500,294
KIRS,41.8200,-85.4300,271
KISM,28.2800,-81.4300,25
KISN,48.1800,-103.6300,581
KISO,35.3200,-77.6300,28
KISP,40.7800,-73.1000,32
KISQ,45.9700,-86.1800,207
KISW,44.3700,-89.8300,309
KITH,42.4800,-76.4700,333
KITR,39.2500,-102.2800,1278
KIWA,33.3200,-111.6500,422
KIWD,46.5300,-90.1300,378
KIWI,43.9700,-69.7200,21
KIXA,36.3300,-77.6300,44
KIXD,38.8300,-94.9000,329
KIYA,29.9700,-92.0800,5
KIZA,34.6000,-120.0700,205
KIZG,43.9800,-70.9500,136
KJAC,43.6000,-110.7300,1964
KJAN,32.3200,-90.0700,91
KJAS,30.8800,-94.0300,65
KJAX,30.4800,-81.7000,11
KJBR,35.8300,-90.6500,84
KJCT,30.5000,-99.7500,522
KJDD,32.7500,-95.5000,132
KJDN,47.3300,-106.9300,806
KJEF,38.6000,-92.1700,167
KJER,42.7300,-114.4500,1222
KJES,31.5500,-81.8800,32
KJFK,40.6500,-73.7800,7
KJFX,33.9000,-87.3200,147
KJFZ,37.0700,-81.8000,794
KJGG,37.2300,-76.7200,15
KJHN,37.5800,-101.7300,1013
KJHW,42.1500,-79.2500,525
KJKA,30.2800,-87.6700,5
KJKJ,46.8300,-96.6700,280
KJKL,37.6000,-83.3200,411
KJLN,37.1500,-94.5000,298
KJMR,45.8800,-93.2700,310
KJMS,46.9200,-98.6800,457
KJNX,35.5300,-78.3800,50
KJOT,41.5200,-88.1700,177
KJQF,35.3800,-80.7200,210
KJSO,31.8700,-95.2200,206
KJST,40.3200,-78.8300,695
KJSV,35.4300,-94.8000,161
KJTC,34.1300,-109.3200,2150
KJVL,42.6200,-89.0300,245
KJVW,32.3000,-90.4000,75
KJWG,35.8700,-98.4200,472
KJWY,32.4500,-96.9200,217
KJXI,32.7000,-94.9500,127
KJXN,42.2700,-84.4700,305
KJYG,43.9800,-94.5500,325
KJYL,32.6500,-81.6000,57
KJYM,41.9200,-84.5800,360
KJYO,39.0800,-77.5700,119
KJYR,40.9000,-97.6200,509
KJZI,32.7000,-80.0000,5
KKLS,46.1200,-122.9000,5
KL18,33.3500,-117.2500,216
KL35,34.2700,-116.8500,2058
KL38,30.1700,-90.9300,4
KLAA,38.0700,-102.6800,1122
KLAF,40.4200,-86.9300,184
KLAL,28.0000,-82.0500,44
KLAM,35.8800,-106.2700,2186
KLAN,42.7700,-84.6000,266
KLAR,41.3200,-105.6800,2218
KLAS,36.0800,-115.1700,664
KLAW,34.5700,-98.4200,336
KLAX,33.9300,-118.4000,32
KLBB,33.6500,-101.8200,988
KLBE,40.2800,-79.4000,351
KLBF,41.1200,-100.7000,849
KLBL,37.0500,-100.9700,879
KLBR,33.6000,-95.0700,134
KLBT,34.6000,-79.0700,37
KLBX,29.1200,-95.4700,9
KLCG,42.2500,-96.9800,436
KLCH,30.1200,-93.2000,5
KLCH,30.1300,-93.2200,9
KLCI,43.5700,-71.4300,165
KLCK,39.8200,-82.9300,227
KLCQ,30.1800,-82.5700,61
KLDJ,40.6200,-74.2300,7
KLDM,43.9700,-86.4000,197
KLEB,43.6300,-72.3200,177
KLEE,28.8200,-81.8200,24
KLEW,44.0500,-70.2800,78
KLEX,38.0300,-84.6000,301
KLFI,37.0800,-76.3500,6
KLFK,31.2300,-94.7500,88
KLFT,30.2000,-91.9800,13
KLGA,40.7800,-73.8800,9
KLGA,40.7800,-73.8700,9
KLGB,33.8200,-118.1500,12
KLGC,33.0000,-85.0700,211
KLGD,45.2800,-118.0000,827
KLGU,41.7800,-111.8500,1349
KLHB,30.8700,-96.6200,87
KLHM,38.9200,-121.3500,36
KLHQ,39.7500,-82.6700,260
KLHW,31.8800,-81.5700,14
KLHX,38.0500,-103.5200,1285
KLHZ,36.0200,-78.3300,113
KLIC,39.1800,-103.7000,1694
KLIT,34.7300,-92.2300,78
KLJF,45.1000,-94.5000,347
KLKR,34.7200,-80.8500,148
KLKU,38.0200,-77.9700,151
KLKV,42.1700,-120.4000,1441
KLLJ,44.5200,-114.2200,1558
KLLQ,33.6300,-91.7500,83
KLMO,40.1700,-105.1700,1540
KLMT,42.1500,-121.7300,1247
KLNC,32.5800,-96.7200,153
KLND,42.8200,-108.7300,1694
KLNK,40.8500,-96.7700,362
KLNK,40.8500,-96.7500,362
KLNL,46.1500,-89.2200,519
KLNN,41.6800,-81.3800,191
KLNP,36.9800,-82.5300,817
KLNR,43.2200,-90.1800,217
KLNS,40.1300,-76.3000,123
KLOL,40.0700,-118.5700,1189
KLOM,40.1300,-75.2700,92
KLOR,31.3500,-85.7500,74
KLOT,41.6200,-88.1000,205
KLOU,38.2300,-85.6700,166
KLOZ,37.0800,-84.0800,369
KLPC,34.6700,-120.4700,28
KLPR,41.3500,-82.1800,242
KLQK,34.8200,-82.7000,308
KLRD,27.5300,-99.4700,156
KLRF,34.9200,-92.1500,95
KLRJ,42.7800,-96.2000,365
KLRO,32.9000,-79.7800,3
KLRU,32.2800,-106.9200,1350
KLSB,32.3300,-108.6800,1307
KLSE,43.8700,-91.2500,202
KLSF,32.3300,-84.8300,130
KLSV,36.2500,-115.0300,569
KLTS,34.6500,-99.2700,420
KLUA,38.6700,-78.5000,275
KLUD,33.2500,-97.5800,319
KLUF,33.5300,-112.3800,336
KLUK,39.1000,-84.4300,151
KLUM,44.9000,-91.8700,273
KLUX,34.5000,-81.9500,212
KLVJ,29.5200,-95.2300,12
KLVK,37.7000,-121.8200,121
KLVL,36.7700,-77.8000,100
KLVM,45.7000,-110.4500,1418
KLVN,44.6300,-93.2300,293
KLVS,35.6500,-105.1500,2091
KLWA,42.3500,-86.2500,203
KLWB,37.8700,-80.4000,698
KLWC,39.0200,-95.2200,253
KLWD,40.6300,-93.9000,346
KLWM,42.7200,-71.1200,47
KLWS,46.3800,-117.0200,438
KLWT,47.0500,-109.4700,1270
KLWV,38.7700,-87.6000,131
KLXL,45.9500,-94.3500,342
KLXN,40.7800,-99.7800,735
KLXT,38.9700,-94.3700,306
KLXV,39.2200,-106.3200,3008
KLXY,31.6300,-96.5200,166
KLYH,37.3300,-79.2000,286
KLYV,43.6200,-96.2200,436
KLZU,33.9800,-83.9700,323
KLZZ,31.1000,-98.1800,370
KM19,35.6300,-91.1700,73
KM25,36.7700,-88.5800,159
KM30,37.1800,-88.7500,117
KM40,33.8700,-88.4800,69
KM63,32.0700,-106.1500,1283
KM91,36.5300,-86.9200,215
KMAE,36.9800,-120.1200,77
KMAF,31.9300,-102.1800,874
KMAI,30.8300,-85.1800,32
KMAN,43.5800,-116.5200,774
KMAO,34.1800,-79.3300,28
KMBG,45.5500,-100.4200,510
KMBL,44.2700,-86.2500,187
KMBS,43.5300,-84.0800,204
KMCB,31.1800,-90.4700,128
KMCC,38.6700,-121.4000,23
KMCD,45.8700,-84.6300,226
KMCE,37.2800,-120.5200,46
KMCF,27.8500,-82.5000,4
KMCI,39.2800,-94.7500,313
KMCJ,29.7200,-95.4000,69
KMCK,40.2200,-100.5800,786
KMCN,32.7000,-83.6500,110
KMCO,28.4300,-81.3200,32
KMCW,43.1500,-93.3300,370
KMCX,40.7000,-86.7700,206
KMDD,32.0300,-102.1000,854
KMDH,37.7800,-89.2500,130
KMDJ,28.6500,-89.8000,224
KMDQ,34.8700,-86.5500,230
KMDS,44.0000,-97.0800,523
KMDT,40.2000,-76.7700,94
KMDW,41.7800,-87.7500,190
KMDZ,45.1000,-90.3000,443
KMEB,32.3800,-79.3700,67
KMEH,45.5000,-118.4000,1236
KMEI,32.3300,-88.7500,94
KMEM,35.0500,-90.0000,87
KMER,37.3700,-120.5700,60
KMEV,38.9800,-119.7500,1439
KMEZ,34.5500,-94.2000,329
KMFD,40.8200,-82.5200,396
KMFE,26.1800,-98.2300,34
KMFI,44.6300,-90.1800,377
KMFR,42.3700,-122.8800,399
KMFR,42.3700,-122.8700,399
KMFV,37.6500,-75.7700,15
KMGC,41.7000,-86.8200,200
KMGE,33.9200,-84.5200,326
KMGG,45.2300,-93.9800,313
KMGJ,41.5000,-74.2500,
KMGM,32.3000,-86.4000,62
KMGN,45.4300,-84.9200,209
KMGR,31.0800,-83.8000,90
KMGW,39.6500,-79.9200,380
KMGY,39.5800,-84.2300,289
KMHE,43.7700,-98.0300,397
KMHK,39.1500,-96.6700,324
KMHL,39.1000,-93.2000,237
KMHR,38.5500,-121.3000,29
KMHS,41.3200,-122.3200,1080
KMHT,42.9300,-71.4300,71
KMHV,35.0500,-118.1500,844
KMIA,25.7500,-80.3800,5
KMIB,48.4200,-101.3500,508
KMIC,45.0700,-93.3500,263
KMIE,40.2300,-85.3800,283
KMIS,43.0300,-100.6200,789
KMIV,39.3700,-75.0700,27
KMIW,42.1200,-92.9200,295
KMJQ,43.6500,-94.9800,470
KMJX,39.9300,-74.3000,25
KMKC,39.1200,-94.6000,227
KMKE,42.9500,-87.9000,211
KMKG,43.1700,-86.2500,193
KMKJ,36.9000,-81.3500,780
KMKL,35.6000,-88.9200,132
KMKN,31.9200,-98.6000,423
KMKO,35.6500,-95.3700,185
KMKS,33.1800,-80.0300,22
KMKT,44.2200,-93.9200,309
KMKY,26.0000,-81.6700,2
KMLB,28.1000,-80.6500,10
KMLC,34.8800,-95.7800,235
KMLE,41.2000,-96.1200,320
KMLF,38.4200,-113.0200,1536
KMLI,41.4500,-90.5200,181
KMLI,41.4500,-90.5000,181
KMLJ,33.1500,-83.2300,117
KMLP,47.4500,-115.6500,1837
KMLS,46.4300,-105.8800,803
KMLS,46.4300,-105.8700,801
KMLT,45.6500,-68.6800,124
KMLU,32.5200,-92.0500,24
KMMH,37.6300,-118.8500,2160
KMMI,35.4000,-84.5700,266
KMMK,41.5200,-72.8300,31
KMML,44.4500,-95.8200,357
KMMT,33.9200,-80.8000,77
KMMU,40.8000,-74.4200,57
KMMV,45.2000,-123.1300,48
KMNE,32.6500,-93.3000,85
KMNH,39.2200,-104.6300,2152
KMNI,33.5800,-80.2200,31
KMNM,45.1200,-87.6300,188
KMNN,40.6200,-83.0700,300
KMNV,35.5500,-84.3800,314
KMNZ,31.6700,-98.1500,396
KMOB,30.6800,-88.2500,67
KMOD,37.6300,-120.9500,29
KMOP,43.6200,-84.7300,230
KMOR,36.1800,-83.3800,400
KMOT,48.2700,-101.2800,519
KMOX,45.5700,-95.9700,360
KMPO,41.1300,-75.3800,577
KMPV,44.2000,-73.4000,353
KMPZ,40.9500,-91.5200,224
KMQB,40.5200,-90.6500,216
KMQE,42.2200,-71.1200,200
KMQI,35.9200,-75.6800,4
KMQJ,39.8500,-85.9000,263
KMQS,39.9800,-75.8700,201
KMQY,36.0000,-86.5000,165
KMRB,39.4000,-77.9800,164
KMRC,35.5500,-87.1800,208
KMRF,30.3700,-104.0200,1481
KMRH,34.7300,-76.6500,3
KMRJ,42.8800,-90.2300,359
KMRN,35.8200,-81.6200,387
KMRT,40.2200,-83.3500,311
KMRY,36.5800,-121.8500,66
KMSL,34.7500,-87.6200,168
KMSN,43.1300,-89.3300,264
KMSO,46.9200,-114.0800,972
KMSP,44.8800,-93.2200,255
KMSS,44.9300,-74.8500,65
KMSV,41.7000,-74.8000,428
KMSY,29.9800,-90.2500,9
KMTC,42.6000,-82.8300,178
KMTJ,38.5000,-107.8800,1745
KMTN,39.3300,-76.4200,18
KMTO,39.4800,-88.2800,218
KMTP,41.0700,-71.9300,3
KMTV,36.6300,-80.0200,287
KMTW,44.1300,-87.6700,197
KMUI,40.4300,-76.5700,149
KMUO,43.0500,-115.8700,913
KMUT,41.3700,-91.1500,
KMVE,44.9800,-95.7000,316
KMVH,46.8300,-108.9300,1355
KMVL,44.5300,-72.6200,223
KMVN,38.3200,-88.8700,146
KMVY,41.4000,-70.6000,22
KMWA,37.7500,-89.0200,144
KMWC,43.1200,-88.0500,227
KMWH,47.2000,-119.3200,362
KMWK,36.4700,-80.5500,380
KMWL,32.7800,-98.0700,284
KMWM,43.9200,-95.1200,410
KMWN,44.2700,-71.3000,1910
KMWO,39.5300,-84.4000,198
KMWS,34.2300,-118.0700,1739
KMWT,34.5500,-93.5800,214
KMXF,32.3800,-86.3700,52
KMXO,42.2300,-91.1700,259
KMYF,32.8200,-117.1300,
KMYL,44.8800,-116.1000,1522
KMYP,38.4800,-106.3200,3667
KMYR,33.6800,-78.9300,8
KMYT,28.2200,-89.6000,
KMYV,39.1000,-121.5700,22
KMYZ,39.8500,-96.6300,391
KMZG,27.7300,-96.1800,30
KMZH,46.4200,-92.8000,328
KMZZ,40.4800,-85.6800,261
KN03,42.6000,-76.2200,365
KN38,41.7300,-77.4000,577
KN60,47.6500,-101.4300,578
KNAK,38.9800,-76.4800,11
KNBC,33.4800,-80.7200,9
KNBG,29.8300,-90.0200,1
KNBT,35.0200,-76.4700,5
KNCA,34.7200,-77.4500,5
KNDZ,30.7000,-87.0200,54
KNEL,40.0300,-74.3200,24
KNEW,30.0300,-90.0300,3
KNFE,36.7000,-76.1300,4
KNFG,33.4200,-117.6200,2
KNFL,39.4300,-118.6800,1199
KNFW,32.7700,-97.4300,187
KNGP,27.6800,-97.2800,5
KNGU,36.8300,-76.3000,9
KNHK,38.2800,-76.4000,14
KNID,35.6800,-117.6800,696
KNIP,30.2300,-81.6700,9
KNJK,32.8200,-115.6800,18
KNJM,34.7000,-77.0300,7
KNKT,34.8500,-76.8800,13
KNKX,32.8300,-117.1200,134
KNLC,36.3300,-119.9500,73
KNMM,32.8000,-88.8300,87
KNOG,27.9000,-98.0500,78
KNOW,48.1300,-123.4000,9
KNPA,30.4800,-87.1800,38
KNQA,35.3700,-89.8700,98
KNQI,27.5000,-97.8200,16
KNRB,30.4000,-81.4200,4
KNRS,32.5700,-117.1200,8
KNSE,30.7300,-87.0200,61
KNSI,33.2500,-119.4500,174
KNTD,34.1200,-119.1200,2
KNTU,36.8200,-76.0300,7
KNUC,33.0200,-118.5800,2
KNUI,38.1300,-76.4300,6
KNUQ,37.4200,-122.0500,12
KNUW,48.3500,-122.6500,9
KNXF,33.2800,-117.4700,27
KNXP,34.2800,-116.1500,643
KNY0,43.0000,-74.3300,269
KNYC,40.7700,-73.9700,49
KNYG,38.5000,-77.3000,3
KNYL,32.6500,-114.6000,64
KNZY,32.6800,-117.2200,14
KO22,38.0300,-120.4200,645
KO54,40.7500,-122.9200,716
KO69,38.2500,-122.6000,27
KO86,40.9800,-122.7000,728
KOAJ,34.8300,-77.6200,28
KOAK,37.7500,-122.2200,6
KOBE,27.2700,-80.8500,10
KOCF,29.1700,-82.2200,27
KOCH,31.5800,-94.7000,109
KOCQ,44.8700,-87.9200,184
KOCW,35.5700,-77.0500,12
KODO,31.9200,-102.4000,902
KODX,41.6200,-98.9500,625
KOEB,41.9300,-85.0500,292
KOEO,45.3200,-92.6800,275
KOFF,41.1200,-95.9000,315
KOFK,41.9800,-97.4300,473
KOFP,37.7000,-77.4300,62
KOGA,41.1200,-101.7700,999
KOGB,33.4700,-80.8500,59
KOGD,41.1800,-112.0200,1358
KOJA,35.5500,-98.6700,489
KOJC,38.8500,-94.7300,341
KOKB,33.2200,-117.3500,8
KOKC,35.3800,-97.6000,398
KOKK,40.5300,-86.0700,253
KOKM,35.6700,-95.9500,220
KOKV,39.1500,-78.1500,220
KOKZ,32.9700,-82.8300,134
KOLE,42.2300,-78.3700,651
KOLF,48.1000,-105.5700,602
KOLG,46.3200,-91.8200,336
KOLM,46.9700,-122.9000,61
KOLS,31.4200,-110.8500,1184
KOLU,41.2800,-97.3500,440
KOLV,34.9800,-89.7800,122
KOLY,38.7200,-88.1800,147
KOLZ,42.6800,-91.9700,328
KOMA,41.3000,-95.9000,299
KOMH,38.2500,-78.0500,142
KOMK,48.4200,-119.5300,382
KOMN,29.3000,-81.1200,9
KONA,44.0800,-91.7000,210
KONL,42.4700,-98.6800,615
KONM,34.0200,-106.9000,1485
KONO,44.0200,-117.0200,665
KONP,44.5800,-124.0500,37
KONT,34.0500,-117.6200,291
KONX,36.4000,-76.0200,5
KONZ,42.1000,-83.1500,176
KOOA,41.2300,-92.5000,256
KOPF,25.9000,-80.2800,3
KOPL,30.5500,-92.1000,23
KOPM,26.8300,-96.9300,25
KOPN,32.9500,-84.2700,243
KOQT,36.0200,-84.2300,277
KOQU,41.6000,-71.4200,6
KORB,48.0200,-92.8500,399
KORC,42.9800,-96.0700,431
KORD,41.9800,-87.9000,205
KORE,42.5700,-72.3000,
KORF,36.9000,-76.2000,9
KORG,30.0700,-93.8000,4
KORH,42.2700,-71.8700,306
KORL,28.5500,-81.3300,36
KORS,48.7000,-122.9000,8
KOSA,33.1000,-94.9700,111
KOSC,44.4500,-83.4000,193
KOSH,44.0000,-88.5700,245
KOSU,40.0800,-83.0700,274
KOTG,43.6500,-95.5800,477
KOTH,43.4200,-124.2500,4
KOTM,41.1000,-92.4500,258
KOUN,35.2300,-97.4500,345
KOVE,39.5000,-121.6200,58
KOVL,44.7800,-95.0300,328
KOVS,43.1500,-90.6800,202
KOWA,44.1200,-93.2500,360
KOWB,37.7500,-87.1700,124
KOWD,42.1800,-71.1800,15
KOWP,36.1800,-96.1500,272
KOXB,38.3200,-75.1200,3
KOXC,41.4800,-73.1300,222
KOXI,41.3300,-86.6700,208
KOXR,34.2000,-119.2000,21
KOXV,41.3000,-93.1200,283
KOZA,30.7300,-101.2000,725
KOZR,31.2800,-85.7200,93
KOZW,42.6300,-83.9800,293
KP08,32.9300,-111.4300,480
KP28,37.3000,-98.5800,468
KP53,46.4000,-86.6500,187
KP58,44.0200,-82.8000,182
KP59,47.4500,-87.9000,
KP60,44.5500,-110.4200,2354
KP68,39.6000,-116.0000,1811
KP69,45.8200,-115.4300,1249
KP92,29.5200,-91.5500,
KPAE,47.9200,-122.2800,196
KPAH,37.0700,-88.7700,126
KPAM,30.0700,-85.5800,13
KPAN,34.2500,-111.3300,1572
KPAO,37.4700,-122.1200,2
KPBF,34.1800,-91.9300,62
KPBG,44.6500,-73.4700,71
KPBH,45.3300,-90.4000,486
KPBI,26.6800,-80.1000,6
KPBX,37.5700,-82.5700,449
KPCM,28.0000,-82.1500,47
KPCW,41.5200,-82.8700,180
KPCZ,44.3300,-89.0200,252
KPDC,43.0200,-91.1200,201
KPDK,33.8800,-83.3000,304
KPDT,45.6800,-118.8500,456
KPDX,45.6000,-122.6000,12
KPEA,41.4000,-92.9500,270
KPEO,42.6500,-77.0700,256
KPEQ,31.3800,-103.5200,796
KPEX,45.3700,-94.7500,360
KPEZ,28.9500,-98.5200,131
KPGA,36.9300,-111.4500,1304
KPGD,26.9200,-82.0000,8
KPGV,35.6300,-77.4000,8
KPHD,40.4700,-81.4200,272
KPHF,37.1300,-76.5000,12
KPHL,39.8800,-75.2500,9
KPHN,42.9200,-82.5300,198
KPHP,44.0500,-101.6000,674
KPHT,36.3300,-88.3800,177
KPHX,33.4300,-112.0200,337
KPIA,40.6700,-89.6800,202
KPIB,31.4700,-89.3300,91
KPIE,27.9200,-82.6800,3
KPIH,42.9200,-112.6000,1365
KPIL,26.1700,-97.3300,5
KPIR,44.3700,-100.2800,527
KPIT,40.5000,-80.2200,359
KPKB,39.3500,-81.4300,263
KPKD,46.9000,-95.0700,437
KPKV,28.6500,-96.6800,9
KPLN,45.5700,-84.8000,220
KPLU,47.1000,-122.2800,164
KPMD,34.6300,-118.0800,774
KPMP,26.2500,-80.1200,6
KPMV,40.9500,-95.9200,366
KPNA,42.8000,-109.8200,2160
KPNC,36.7200,-97.0800,309
KPNE,40.0800,-75.0200,36
KPNM,45.5300,-93.6000,300
KPNS,30.4700,-87.2000,36
KPNT,40.9200,-88.6300,201
KPOB,35.1700,-79.0300,61
KPOC,34.1000,-117.7800,311
KPOE,31.0300,-93.0300,110
KPOF,36.7700,-90.3200,100
KPOU,41.6300,-73.8800,50
KPOV,41.2200,-81.2500,365
KPOY,44.8700,-108.8000,1552
KPPA,35.6200,-101.0000,989
KPPF,37.3300,-95.5000,272
KPPO,41.5700,-86.7300,248
KPPQ,39.6300,-90.7800,216
KPQI,46.6800,-68.0500,146
KPQL,30.4700,-88.5300,6
KPQN,43.9800,-96.3000,550
KPRB,35.6700,-120.6300,249
KPRC,34.6500,-112.4300,1540
KPRG,39.7000,-87.6700,199
KPRN,31.8500,-86.6200,137
KPRO,41.8300,-94.1700,309
KPRS,29.6300,-104.3700,896
KPRX,33.6300,-95.4500,159
KPSC,46.2700,-119.1200,134
KPSF,42.4300,-73.3000,354
KPSK,37.1300,-80.6800,642
KPSM,43.0800,-70.8200,31
KPSN,31.7800,-95.7000,129
KPSO,37.2800,-107.0500,2335
KPSP,33.8300,-116.5000,45
KPSX,28.7300,-96.2500,5
KPTB,37.1800,-77.5200,59
KPTK,42.6700,-83.4200,297
KPTN,29.7200,-91.3300,2
KPTS,37.4500,-94.7300,289
KPTT,37.7000,-98.7500,595
KPTV,36.0300,-119.0700,135
KPTW,40.2300,-75.5500,92
KPUB,38.2800,-104.5000,1439
KPUC,39.6200,-110.7500,1799
KPUJ,33.9200,-84.9300,393
KPUW,46.7500,-117.1200,773
KPVB,42.6800,-90.4500,312
KPVC,42.0700,-70.2200,2
KPVD,41.6700,-71.4300,19
KPVD,41.7300,-71.4300,19
KPVE,35.6500,-88.2000,149
KPVF,38.7200,-120.7500,787
KPVG,36.7800,-76.4500,7
KPVJ,34.7200,-97.2200,295
KPVU,40.2200,-111.7200,1365
KPVW,34.1700,-101.7200,1028
KPWA,35.5300,-97.6300,394
KPWC,46.7300,-94.3800,395
KPWG,31.4800,-97.3200,180
KPWK,42.1200,-87.9000,203
KPWM,43.6500,-70.3200,19
KPWT,47.4800,-122.7700,134
KPXE,32.5200,-83.7700,127
KPYM,41.9200,-70.7300,45
KPYX,36.4200,-100.7500,889
KPZQ,45.4200,-83.8200,204
KQBL,30.4200,-86.6800,12
KQCC,35.0000,-105.6700,2160
KQHY,30.4200,-86.6800,12
KRAC,42.7700,-87.8200,205
KRAL,33.9500,-117.4500,249
KRAP,44.0700,-103.2000,1030
KRAS,27.8000,-97.0800,2
KRBD,32.6800,-96.8700,200
KRBG,43.2300,-123.3700,160
KRBL,40.1500,-122.2500,108
KRBO,27.7800,-97.6800,24
KRBW,32.9200,-80.4700,31
KRCA,44.1500,-103.1000,999
KRCE,35.4800,-97.8200,413
KRCM,38.7800,-93.8000,243
KRCR,41.0700,-86.1800,240
KRCV,37.7200,-106.3500,2424
KRCX,45.5000,-91.0000,377
KRCZ,34.8800,-79.7700,109
KRDD,40.5000,-122.3000,153
KRDG,40.3800,-75.9700,105
KRDK,41.0200,-95.2700,318
KRDM,44.2500,-121.1500,936
KRDR,47.9700,-97.4000,277
KRDU,35.8700,-78.7800,134
KREO,42.5800,-117.8700,1234
KRFD,42.2000,-89.1000,226
KRFI,32.1500,-94.8500,134
KRGK,44.5800,-92.4800,239
KRHI,45.6300,-89.4700,492
KRHP,35.2000,-83.8700,518
KRHV,37.3300,-121.8200,40
KRIC,37.5000,-77.3300,54
KRIL,39.5300,-107.7200,1681
KRIV,33.9000,-117.2500,468
KRIW,43.0700,-108.4500,1684
KRKD,44.0700,-69.1000,17
KRKP,28.0800,-97.0300,8
KRKR,35.0200,-94.6200,137
KRKS,41.6000,-109.0700,2060
KRME,43.2300,-75.4000,154
KRMG,34.3500,-85.1700,196
KRMN,38.4000,-77.4500,65
KRMY,42.2500,-84.9500,287
KRNC,35.7000,-85.8300,315
KRND,29.5300,-98.2800,232
KRNH,45.1500,-92.5300,304
KRNM,33.0300,-116.9200,424
KRNO,39.5000,-119.7800,1341
KRNP,43.0000,-84.1300,224
KRNT,47.5000,-122.2200,9
KRNV,33.7700,-90.7500,42
KROA,37.3200,-79.9700,358
KROC,43.1200,-77.6700,169
KROG,36.3700,-94.1000,415
KROS,45.7000,-92.9500,281
KROW,33.3000,-104.5300,1118
KROX,48.8500,-95.7000,321
KRPD,45.4200,-91.7700,337
KRPH,33.1200,-98.5500,342
KRPJ,41.9000,-89.0800,238
KRQB,43.7200,-85.5000,302
KRQE,35.6500,-109.0700,2022
KRQO,35.4700,-98.0000,432
KRRL,45.1800,-89.7000,401
KRRT,48.9300,-95.3500,327
KRSL,38.8700,-98.8200,566
KRSN,32.5200,-92.5800,95
KRSP,39.6500,-77.4700,561
KRST,43.9200,-92.5000,402
KRSV,39.0200,-87.6500,141
KRSW,26.5300,-81.7500,9
KRTN,36.7500,-104.6500,1939
KRTS,39.6700,-119.8700,1539
KRUE,35.2500,-93.1000,115
KRUG,48.3800,-100.0200,472
KRUQ,35.6500,-80.5200,236
KRUT,43.7000,-72.9500,240
KRVS,36.0300,-95.9800,206
KRWF,44.5500,-95.0800,311
KRWI,35.8500,-77.9000,47
KRWL,41.8000,-107.2000,2068
KRWV,30.5200,-96.7000,119
KRXE,43.8300,-111.8000,1481
KRYN,32.1500,-111.1700,737
KRYT,39.7300,-77.4300,274
KRYV,43.1700,-88.7200,249
KRYW,30.5000,-97.9700,375
KRYY,34.0200,-84.6000,317
KRZL,40.9500,-87.1800,213
KRZN,45.8200,-92.3700,301
KRZR,35.2200,-84.8000,262
KRZT,39.4300,-83.0200,221
KS25,47.8000,-103.2500,643
KS32,47.4200,-98.1000,434
KS39,44.2800,-120.9000,991
KSAA,41.4500,-106.8300,2138
KSAC,38.5200,-121.5000,8
KSAD,32.8500,-109.6300,962
KSAF,35.6200,-106.0800,1912
KSAN,32.7300,-117.1700,9
KSAR,38.1500,-89.7000,164
KSAT,29.5300,-98.4700,242
KSAV,32.1300,-81.2000,15
KSAW,46.3500,-87.4000,372
KSAZ,46.3800,-94.8000,392
KSBA,34.4300,-119.8300,6
KSBD,34.1000,-117.2300,353
KSBM,43.7700,-87.8500,226
KSBN,41.7000,-86.3200,236
KSBN,41.7200,-86.3200,236
KSBO,32.6200,-82.3700,100
KSBP,35.2300,-120.6300,58
KSBY,38.3500,-75.5200,19
KSCD,33.1700,-86.3000,173
KSCF,29.1200,-91.8700,224
KSCH,42.8500,-73.9300,115
KSCK,37.9000,-121.2500,8
KSCR,35.7000,-79.5000,187
KSDA,40.7500,-95.4200,296
KSDB,34.7500,-118.7300,1379
KSDF,38.1800,-85.7300,149
KSDL,33.6200,-111.9200,458
KSDM,32.5700,-116.9800,159
KSDY,47.7200,-104.1800,601
KSEA,47.4500,-122.3000,137
KSEE,32.8200,-116.9700,117
KSEG,40.8200,-78.8500,217
KSEM,32.3500,-86.9800,51
KSEP,32.2200,-98.1800,402
KSET,38.9300,-90.4300,134
KSEZ,34.8500,-111.7800,1472
KSFB,28.7800,-81.2500,17
KSFF,47.6700,-117.3300,596
KSFM,43.4000,-70.7200,74
KSFO,37.6200,-122.3800,5
KSFQ,36.6800,-76.6000,22
KSFY,42.0500,-90.1000,188
KSFZ,41.9200,-71.5000,134
KSGF,37.2300,-93.4000,390
KSGH,39.8300,-83.8300,320
KSGJ,29.9700,-81.3300,3
KSGR,29.6200,-95.6500,25
KSGS,44.8500,-93.1500,250
KSGT,34.6000,-91.5700,68
KSGU,37.1000,-113.6000,895
KSHD,38.2700,-78.8800,361
KSHL,43.2200,-95.8300,432
KSHM,38.8000,-104.5200,1900
KSHN,47.2500,-123.1500,85
KSHR,44.7700,-106.9700,1209
KSHV,32.4500,-93.8300,79
KSIF,36.4300,-79.8500,211
KSIK,36.9000,-89.5500,96
KSIY,41.7800,-122.4700,807
KSJC,37.3700,-121.9200,17
KSJN,34.5200,-109.3700,1737
KSJS,37.7500,-82.6300,372
KSJT,31.3700,-100.5000,582
KSJX,45.7000,-85.5700,204
KSKA,47.6200,-117.6500,750
KSKF,29.3800,-98.5800,210
KSKX,36.4500,-105.6700,2161
KSLB,42.6000,-95.2300,454
KSLC,40.7800,-111.9500,1288
KSLE,44.9000,-123.0000,61
KSLG,36.2000,-94.4800,300
KSLH,45.6500,-84.5200,195
KSLI,33.7800,-118.0500,11
KSLK,44.3800,-74.2000,506
KSLN,38.8000,-97.6500,387
KSLO,38.6500,-88.9700,174
KSLR,33.1700,-95.6200,149
KSME,37.0500,-84.6200,283
KSMF,38.7000,-121.6000,10
KSMN,45.1200,-113.8800,1233
KSMO,34.0200,-118.4500,53
KSMP,47.2800,-121.3300,1209
KSMQ,40.6300,-74.6700,30
KSMS,34.0000,-80.3700,55
KSMX,34.9000,-120.4500,73
KSNA,33.6800,-117.8700,16
KSNC,41.3800,-72.5000,126
KSNH,35.1700,-88.2200,144
KSNK,32.7000,-100.9500,741
KSNL,35.3500,-96.9500,327
KSNS,36.6500,-121.6000,24
KSNT,44.1700,-114.9300,1980
KSNY,41.1000,-102.9800,1312
KSOA,30.5800,-100.6500,652
KSOP,35.2300,-79.3800,142
KSOW,34.2700,-110.0000,1942
KSPA,34.9200,-81.9500,244
KSPB,45.7700,-122.8700,14
KSPD,31.2800,-102.6200,1335
KSPF,44.4800,-103.7800,1188
KSPG,27.7700,-82.6300,2
KSPI,39.8500,-89.6700,187
KSPL,26.0700,-97.4300,3
KSPR,28.5800,-91.2000,
KSPS,33.9700,-98.4800,314
KSPW,43.1700,-95.2000,405
KSQE,28.0800,-90.8200,
KSQI,41.7500,-89.6700,197
KSQL,37.5200,-122.2500,1
KSRB,36.0500,-85.5300,312
KSRC,35.2500,-91.7300,80
KSRQ,27.4000,-82.5500,7
KSRR,33.4500,-105.5200,2064
KSSC,33.9700,-80.4800,73
KSSF,29.3300,-98.4700,175
KSSI,31.1500,-81.3800,6
KSTC,45.5500,-94.0700,312
KSTC,45.5500,-94.0500,312
KSTE,44.5500,-89.5300,336
KSTF,33.4200,-88.8300,102
KSTJ,39.7700,-94.9000,252
KSTK,40.6200,-103.2700,1230
KSTL,38.7500,-90.3700,172
KSTP,44.9300,-93.0700,219
KSTS,38.5200,-122.8200,45
KSUA,27.1800,-80.2200,6
KSUE,44.8500,-87.4200,221
KSUN,43.1700,-114.3000,1607
KSUS,38.6700,-90.6500,140
KSUT,33.9300,-78.0800,8
KSUU,38.2700,-121.9500,22
KSUW,46.6800,-92.1000,206
KSUX,42.4000,-96.3800,336
KSVC,32.6300,-108.1500,1659
KSVH,35.7700,-80.9500,294
KSVN,32.0200,-81.1500,13
KSWF,41.8300,-74.1000,143
KSWO,36.1700,-97.0800,298
KSWW,32.4700,-100.4700,727
KSXS,31.3700,-85.8500,122
KSXT,42.6200,-123.3700,1164
KSYF,39.7700,-101.8000,1040
KSYI,35.5700,-86.4500,244
KSYM,38.2000,-83.5800,319
KSYN,44.4800,-93.0200,280
KSYR,43.1200,-76.1200,124
KSYR,43.1200,-76.1000,125
KSZL,38.7300,-93.5500,265
KSZT,48.3000,-116.5700,648
KT20,29.5300,-97.4700,108
KT35,30.8800,-96.9700,123
KT65,26.1800,-97.9700,21
KT82,30.2500,-98.9200,517
KTAD,37.2500,-104.3300,1752
KTAN,41.8800,-71.0200,7
KTAZ,39.5300,-89.3300,190
KTBN,37.7500,-92.1300,353
KTBR,32.4800,-81.7300,57
KTBX,43.4700,-108.2300,2225
KTCC,35.1800,-103.6000,1238
KTCL,33.2300,-87.6200,51
KTCM,47.1500,-122.4800,87
KTCS,33.2300,-107.2700,1481
KTDF,36.2800,-78.9800,186
KTDR,30.0300,-85.5300,5
KTDZ,41.5700,-83.4800,189
KTEB,40.8500,-74.0500,3
KTEW,42.5700,-84.4200,280
KTEX,37.9500,-107.9000,2753
KTFP,27.9200,-97.2200,5
KTGI,37.8300,-76.0000,2
KTHA,35.3800,-86.2500,330
KTHV,39.9200,-76.8700,147
KTIF,41.9700,-100.5700,892
KTIK,35.4200,-97.3800,397
KTIP,40.3000,-88.1500,228
KTIW,47.2700,-122.5800,89
KTIX,28.5200,-80.8000,11
KTKC,44.2500,-95.6000,408
KTKI,33.1800,-96.5800,176
KTKV,45.4700,-89.8000,453
KTLH,30.3800,-84.3500,16
KTMA,31.4300,-83.4800,108
KTMB,25.6500,-80.4300,3
KTME,29.8000,-95.9000,48
KTMK,45.4200,-123.8200,11
KTNB,36.2000,-81.6500,911
KTNU,41.6800,-93.0200,290
KTOA,33.8000,-118.3300,44
KTOB,44.0200,-92.8300,398
KTOC,34.6000,-83.3000,304
KTOI,31.8500,-86.0200,118
KTOL,41.5800,-83.8000,211
KTOL,41.6000,-83.8000,211
KTOP,39.0700,-95.6200,269
KTOR,42.0700,-104.1500,1277
KTPA,27.9700,-82.5300,3
KTPF,27.9200,-82.4500,2
KTPH,38.0700,-117.1000,1652
KTPL,31.1500,-97.4200,207
KTQE,41.7700,-96.1800,
KTQH,35.9300,-95.0000,266
KTRI,36.4700,-82.3800,469
KTRK,39.3200,-120.1300,1790
KTRL,32.7200,-96.2700,144
KTRM,33.6300,-116.1700,-35
KTSP,35.1300,-118.4300,1219
KTTA,35.5800,-79.1000,75
KTTD,45.5500,-122.4000,10
KTTF,41.9300,-83.4300,187
KTTN,40.2800,-74.8200,65
KTTS,28.6200,-80.6800,3
KTUL,36.2000,-95.8800,195
KTUP,34.2700,-88.7700,110
KTUS,32.1200,-110.9300,751
KTVC,44.7300,-85.5800,190
KTVF,48.0700,-96.1800,338
KTVI,30.9000,-83.8800,80
KTVK,40.6800,-92.9000,313
KTVL,38.9000,-120.0000,1925
KTVR,32.3500,-91.0300,26
KTWF,42.4800,-114.4800,1258
KTWM,47.0500,-91.7500,320
KTXK,33.4500,-94.0000,122
KTYQ,40.0300,-85.2500,281
KTYR,32.3700,-95.4000,167
KTYS,35.8200,-83.9800,299
KTZR,39.9000,-83.1300,274
KU16,41.0500,-113.0700,1292
KU42,40.6200,-112.0000,1403
KU68,44.9200,-108.4500,1247
KUAO,45.2500,-122.7700,59
KUBE,45.5000,-91.9800,378
KUCP,41.0200,-80.4000,327
KUCY,36.3800,-88.9800,104
KUDG,34.4500,-79.8800,59
KUES,43.0300,-88.2300,275
KUGN,42.4200,-87.8700,220
KUIL,47.9300,-124.5700,55
KUIL,47.9300,-124.5500,57
KUIN,39.9300,-91.1800,237
KUKF,36.2200,-81.0800,396
KUKI,39.1300,-122.2000,189
KUKT,40.4300,-75.3800,160
KULM,44.3200,-94.5000,310
KUNI,39.2200,-82.2200,234
KUNO,39.8800,-91.9000,372
KUNU,43.4300,-88.7000,285
KUNV,40.8500,-77.8300,389
KUOX,34.3800,-89.5300,137
KUSE,41.6200,-84.1300,237
KUTA,34.6800,-90.3500,59
KUTS,30.7500,-95.5800,104
KUUU,41.5300,-71.2800,51
KUVA,29.2200,-99.7500,287
KUXL,30.1300,-93.3800,3
KUYF,39.9300,-83.4700,330
KUZA,34.9800,-81.0500,202
KVAD,30.9700,-83.2000,71
KVAF,27.3500,-94.6200,
KVAY,39.9300,-74.8500,15
KVBG,34.7500,-120.5700,121
KVBS,29.4800,-93.6300,224
KVBT,36.3500,-94.2200,395
KVBW,38.3700,-78.9700,355
KVCB,38.3800,-121.9500,34
KVCT,28.8500,-96.9200,36
KVCV,34.6000,-117.3800,879
KVDF,28.0200,-82.3500,7
KVDI,32.2000,-82.3700,84
KVEL,40.4500,-109.5200,1597
KVER,38.9500,-92.6800,218
KVES,40.2000,-84.5300,307
KVGT,36.2200,-115.2000,671
KVIH,38.1300,-91.7700,345
KVIS,36.3200,-119.4000,89
KVJI,36.6800,-82.0300,631
KVKS,32.2300,-90.9300,32
KVKY,27.4200,-94.4200,17
KVLD,30.7800,-83.2800,62
KVLL,42.5500,-83.1800,222
KVNC,27.0700,-82.4300,6
KVNY,34.2000,-118.4800,242
KVOA,29.2300,-87.7800,53
KVOK,43.9300,-90.2700,277
KVPC,34.1200,-84.8500,222
KVPS,30.4800,-86.5200,29
KVPZ,41.4500,-87.0000,233
KVQQ,30.2200,-81.8700,25
KVQT,28.2700,-92.2700,25
KVRB,27.6500,-80.4200,12
KVSF,43.3500,-72.5200,176
KVSH,30.7800,-85.6000,21
KVTA,40.0200,-82.4700,268
KVTI,42.2200,-92.0300,258
KVTN,42.8700,-100.5500,792
KVTN,42.8800,-100.5500,792
KVTP,37.5000,-105.1700,3114
KVUJ,35.4200,-80.1500,186
KVUO,45.6200,-122.6500,9
KVVG,28.9500,-81.8500,27
KVVV,45.3000,-96.4200,335
KVWU,48.1500,-94.5200,360
KVYS,41.3500,-89.1500,199
KW13,38.0800,-78.9500,438
KW22,39.0000,-80.2700,498
KW29,38.9800,-76.3300,5
KW31,36.9700,-78.1800,160
KW43,44.6700,-104.5700,1300
KW63,36.6000,-78.5700,128
KW75,37.6000,-76.4500,9
KW78,36.7200,-78.8500,128
KW81,37.1800,-78.1000,128
KW96,37.5000,-77.1300,38
KW99,38.9800,-79.1300,293
KWAL,37.9300,-75.4800,12
KWDG,36.3800,-97.8000,356
KWDR,33.9800,-83.6700,287
KWHP,34.2700,-118.4200,306
KWJF,34.7300,-118.2200,715
KWLD,37.1700,-97.0300,351
KWMC,40.9000,-117.8000,1322
KWRB,32.6300,-83.6000,90
KWRI,40.0200,-74.6000,41
KWRL,43.9700,-107.9500,1271
KWST,41.3500,-71.8000,25
KWVI,36.9300,-121.7800,48
KWVL,44.5300,-69.6700,91
KWWD,39.0200,-74.9200,7
KWWR,36.4300,-99.5200,667
KWYS,44.6800,-111.1200,2026
KXBP,33.1800,-97.8300,260
KXFL,29.4700,-81.2000,10
KXIH,29.1700,-94.5200,75
KXLL,40.5700,-75.4800,116
KXMR,28.4700,-80.5500,
KXNA,36.2800,-94.3000,392
KXPY,29.1200,-90.2000,25
KXSA,37.8500,-76.8800,41
KXVG,46.9800,-94.2000,407
KY19,46.7700,-100.9000,592
KY23,45.3200,-91.6300,322
KY49,47.1700,-94.6500,411
KY50,44.0500,-89.3000,262
KY51,43.5800,-90.9200,393
KY63,45.9800,-96.0000,367
KY70,42.9300,-85.0700,249
KYIP,42.2300,-83.5300,218
KYKM,46.5700,-120.5300,325
KYKN,42.9200,-97.3800,398
KYNG,41.2700,-80.6800,361
KYNG,41.2700,-80.6700,361
KZPH,28.2300,-82.1500,27
KZZV,39.9500,-81.9000,274
LFVP,46.7700,-56.1700,3
MMAN,25.8700,-100.2300,448
MMCN,27.2800,-112.2500,82
MMCS,31.6300,-106.4300,1171
MMCU,28.7000,-105.9700,1345
MMGM,27.9700,-110.9300,27
MMHO,29.0800,-110.9300,211
MMIO,25.3700,-101.0200,1790
MMLM,25.6800,-109.0800,4
MMLT,26.0200,-111.3300,7
MMMA,25.7700,-97.5300,8
MMML,32.6300,-117.0000,22
MMMV,26.9000,-101.4300,615
MMMY,25.7800,-100.1000,387
MMNL,27.4300,-99.5700,148
MMPE,31.3000,-113.5500,61
MMPG,28.7000,-100.5200,250
MMRX,26.0200,-98.2300,39
MMTC,25.5300,-103.4300,1123
MMTJ,32.5500,-116.9700,152
MYFG,26.5200,-78.6500,8
MYGF,26.5500,-78.7000,11
MYNN,25.0500,-77.4700,7
PAAD,70.1300,-146.2800,
PAAP,56.2500,-134.6500,
PAAQ,61.6000,-149.0800,71
PABA,70.1300,-143.6300,15
PABE,60.7700,-161.8300,34
PABE,60.7700,-161.8300,42
PABI,64.0000,-145.7300,391
PABI,64.0000,-145.7200,391
PABL,65.9800,-161.1500,7
PABN,62.4000,-143.0000,878
PABR,71.2800,-156.7800,12
PABR,71.2800,-156.7700,16
PABT,66.9200,-151.5200,196
PABV,61.4200,-149.5200,29
PACD,55.2000,-162.7300,32
PACD,55.2000,-162.7000,31
PACM,61.8500,-165.5700,4
PACV,60.4800,-145.4700,13
PACV,60.5000,-145.5000,13
PACZ,61.7800,-166.0300,146
PADE,66.0800,-162.7500,5
PADG,68.0300,-162.9000,295
PADL,59.0500,-158.5200,29
PADM,61.8700,-162.0300,103
PADQ,57.7300,-152.5000,34
PADQ,57.7500,-152.5000,34
PADU,53.9000,-166.5300,4
PAEC,62.8800,-149.8300,381
PAED,61.2500,-149.8000,59
PAEG,64.7800,-141.1500,268
PAEH,58.6500,-162.0700,161
PAEI,64.6500,-147.0700,167
PAEL,58.2000,-136.3500,
PAEM,62.7800,-164.5000,4
PAEN,60.5700,-151.2500,29
PAER,61.2500,-153.8200,358
PAFA,64.8000,-147.8700,135
PAFA,64.8200,-147.8700,135
PAFB,64.8300,-147.6000,138
PAFE,56.9500,-133.9000,52
PAFK,62.5200,-153.8800,458
PAFL,62.5300,-153.6000,351
PAFM,67.1000,-157.8500,88
PAFR,61.2700,-149.6500,115
PAFS,63.0200,-154.3500,126
PAGA,64.7300,-156.9300,49
PAGB,68.4800,-149.4800,814
PAGH,66.8800,-157.1700,60
PAGK,62.1500,-145.4500,481
PAGL,64.5500,-163.0300,8
PAGN,57.5000,-134.5800,11
PAGS,58.4200,-135.7300,9
PAGY,59.4700,-135.3200,5
PAGY,59.4700,-135.3000,5
PAHC,62.1800,-159.7800,21
PAHL,65.7000,-156.3500,65
PAHN,59.2500,-135.5200,5
PAHO,59.6300,-151.5000,22
PAHO,59.6500,-151.4800,22
PAHP,61.5200,-166.1300,5
PAHX,62.6800,-159.5700,24
PAHY,55.2000,-132.8300,
PAIG,59.3200,-155.9000,28
PAII,58.1800,-157.3800,28
PAIK,66.9800,-160.4300,46
PAIL,59.7500,-154.9200,49
PAIM,66.0000,-153.7000,389
PAIN,63.7300,-148.9200,524
PAIW,65.6200,-168.1000,8
PAJC,56.3200,-158.3700,6
PAJN,58.3500,-134.5700,7
PAJN,58.3700,-134.5800,7
PAJZ,59.7300,-157.2700,82
PAKF,54.8500,-163.4000,9
PAKH,56.9300,-154.1800,13
PAKI,59.9300,-164.0200,3
PAKK,64.9300,-161.1500,37
PAKN,58.6700,-156.6500,14
PAKN,58.6800,-156.6500,16
PAKP,68.1300,-151.7500,641
PAKT,55.3500,-131.7200,29
PAKT,55.3500,-131.7000,29
PAKU,70.3200,-149.5800,20
PAKV,64.3200,-158.7300,54
PAKW,55.5800,-133.0800,24
PALG,61.5300,-160.3300,17
PALH,61.1800,-149.9700,22
PALJ,60.2000,-154.3200,81
PALP,70.3500,-150.9500,5
PALR,67.5000,-148.4800,585
PALU,68.8800,-166.1300,3
PAMB,58.9800,-159.0500,16
PAMC,62.9500,-155.6000,103
PAMC,62.9500,-155.5800,103
PAMD,59.4300,-146.3300,14
PAMH,63.9000,-152.2700,214
PAMK,63.4800,-162.1200,28
PAML,64.9800,-150.6300,82
PAMM,55.1300,-131.5800,
PAMO,62.1000,-163.6800,102
PAMR,61.2200,-149.8500,42
PAMX,61.4300,-142.9300,455
PAMY,60.3700,-166.2700,15
PANA,60.6800,-161.9800,5
PANC,61.1500,-149.9800,52
PANC,61.1700,-150.0000,44
PANI,61.5800,-159.5300,26
PANN,64.5500,-149.0800,110
PANN,64.5500,-149.0700,110
PANT,55.0300,-131.5700,35
PANT,55.0500,-131.5700,34
PANV,62.6500,-160.1800,94
PANW,59.4500,-157.3300,92
PAOH,58.1200,-135.4500,
PAOM,64.5000,-165.4300,6
PAOM,64.5200,-165.4500,11
PAOO,60.5300,-165.1000,18
PAOR,62.9700,-141.9500,525
PAOR,62.9700,-141.9300,525
PAOT,66.8800,-162.6000,5
PAOU,62.0800,-163.6800,102
PAPB,56.5800,-169.6700,38
PAPC,65.2500,-166.8700,5
PAPG,56.8200,-132.9700,
PAPH,56.9500,-158.6200,29
PAPM,59.0200,-161.8200,6
PAPN,57.5800,-157.5700,17
PAPO,68.3500,-166.8000,4
PAPR,66.8200,-150.6500,335
PAPT,62.1000,-152.7500,560
PAQH,59.7500,-161.8300,13
PAQT,70.2200,-150.9800,17
PARC,68.1200,-145.5800,638
PARS,61.7800,-161.3200,16
PARY,64.7200,-155.4700,199
PASC,70.2000,-148.4700,17
PASD,55.3200,-160.5200,7
PASH,66.2700,-166.0800,4
PASI,57.0500,-135.3700,20
PASI,57.0700,-135.3500,20
PASK,66.6200,-160.0000,8
PASL,61.7200,-157.1500,54
PASM,62.0500,-163.3000,95
PASO,59.4500,-151.7000,9
PASV,61.1000,-155.5700,484
PASW,61.9700,-151.1800,45
PASX,60.4800,-151.0300,33
PATA,65.1700,-152.1000,67
PATC,65.5700,-167.9200,83
PATE,65.2300,-166.3300,90
PATG,59.0500,-160.4000,6
PATK,62.3000,-150.1000,109
PATK,62.3200,-150.1000,109
PATL,62.9000,-155.9800,294
PATO,60.7800,-148.8300,29
PATQ,70.4700,-157.4300,29
PAUM,69.3700,-152.1300,85
PAUN,63.8800,-160.8000,6
PAUT,54.1500,-165.6000,
PAVA,61.5300,-165.6000,23
PAVC,55.1200,-162.2700,47
PAVD,61.1300,-146.2700,37
PAVL,67.7300,-164.5500,4
PAWD,60.1200,-149.4500,18
PAWG,56.4800,-132.3700,13
PAWI,70.6200,-159.8500,27
PAWM,64.6800,-163.4200,81
PAWN,67.5700,-162.9800,27
PAWS,61.5700,-149.5300,106
PAYA,59.5000,-139.6700,14
PAYA,59.5200,-139.6700,13
PAZK,61.9300,-147.1700,1002
PFCL,58.8300,-158.5300,24
PFEL,64.6200,-162.2700,49
PFKT,65.3200,-166.4500,11
PFKW,60.7800,-161.4500,8
PFNO,66.8200,-161.0200,16
PFSH,64.3700,-161.2200,7
PFWS,58.7000,-157.0000,49
PFYU,66.5700,-145.2700,135
PPIT,60.9000,-162.4300,4
PPIZ,69.8200,-162.9200,
TXKF,32.3700,-64.6700,6
